
SET MODE Oracle;

-- Não precisa na versão 1.4 do h2 (usando a 1.3 por causa do eap 6)
drop alias if exists TO_DATE;
create alias TO_DATE as $$
java.util.Date toDate(String s, String format) throws Exception {
    return new java.text.SimpleDateFormat("yy/MM/dd").parse(s);
}
$$;

CREATE TABLE "TB_HASH" ("CHAVE" VARCHAR2(255), "VALOR" CLOB);

CREATE SCHEMA SIN;

CREATE TABLE "SIN"."TA_TIPOLOGIA_OBRA" ("CD_TIPOLOGIA_OBRA" VARCHAR2(3), "DE_TIPOLOGIA_OBRA" VARCHAR2(50), "DT_INI_VIGENCIA_SIN" DATE, "DT_FIM_VIGENCIA_SIN" DATE);
Insert into SIN.TA_TIPOLOGIA_OBRA (CD_TIPOLOGIA_OBRA,DE_TIPOLOGIA_OBRA,DT_INI_VIGENCIA_SIN,DT_FIM_VIGENCIA_SIN) values ('FC','FICÇÃO',to_date('06/09/01','DD/MM/RR'),null);
Insert into SIN.TA_TIPOLOGIA_OBRA (CD_TIPOLOGIA_OBRA,DE_TIPOLOGIA_OBRA,DT_INI_VIGENCIA_SIN,DT_FIM_VIGENCIA_SIN) values ('DC','DOCUMENTÁRIO',to_date('06/09/01','DD/MM/RR'),null);
Insert into SIN.TA_TIPOLOGIA_OBRA (CD_TIPOLOGIA_OBRA,DE_TIPOLOGIA_OBRA,DT_INI_VIGENCIA_SIN,DT_FIM_VIGENCIA_SIN) values ('AN','ANIMAÇÃO',to_date('06/09/01','DD/MM/RR'),null);
Insert into SIN.TA_TIPOLOGIA_OBRA (CD_TIPOLOGIA_OBRA,DE_TIPOLOGIA_OBRA,DT_INI_VIGENCIA_SIN,DT_FIM_VIGENCIA_SIN) values ('PC','PROGRAMA DE CARÁTER EDUCATIVO E CULTURAL',to_date('06/09/01','DD/MM/RR'),null);
Insert into SIN.TA_TIPOLOGIA_OBRA (CD_TIPOLOGIA_OBRA,DE_TIPOLOGIA_OBRA,DT_INI_VIGENCIA_SIN,DT_FIM_VIGENCIA_SIN) values ('FO','FORMATO DE OBRA AUDIOVISUAL',to_date('06/09/01','DD/MM/RR'),null);
Insert into SIN.TA_TIPOLOGIA_OBRA (CD_TIPOLOGIA_OBRA,DE_TIPOLOGIA_OBRA,DT_INI_VIGENCIA_SIN,DT_FIM_VIGENCIA_SIN) values ('RS','REALITY-SHOW',to_date('06/09/01','DD/MM/RR'),null);
Insert into SIN.TA_TIPOLOGIA_OBRA (CD_TIPOLOGIA_OBRA,DE_TIPOLOGIA_OBRA,DT_INI_VIGENCIA_SIN,DT_FIM_VIGENCIA_SIN) values ('VR','VARIEDADES',to_date('06/09/01','DD/MM/RR'),null);
Insert into SIN.TA_TIPOLOGIA_OBRA (CD_TIPOLOGIA_OBRA,DE_TIPOLOGIA_OBRA,DT_INI_VIGENCIA_SIN,DT_FIM_VIGENCIA_SIN) values ('CON','A CONFIRMAR',to_date('06/09/01','DD/MM/RR'),to_date('31/12/15','DD/MM/RR'));


CREATE TABLE "SIN"."TA_SEGMENTO_MERCADO" ("CD_SEGMENTO_MERCADO" VARCHAR2(3), "DE_SEGMENTO_MERCADO" VARCHAR2(50), "DT_INI_VIGENCIA_SIN" DATE, "DT_FIM_VIGENCIA_SIN" DATE);
Insert into SIN.TA_SEGMENTO_MERCADO (CD_SEGMENTO_MERCADO,DE_SEGMENTO_MERCADO,DT_INI_VIGENCIA_SIN,DT_FIM_VIGENCIA_SIN) values ('SEX','SALAS DE EXIBIÇÃO',to_date('06/09/01','DD/MM/RR'),null);
Insert into SIN.TA_SEGMENTO_MERCADO (CD_SEGMENTO_MERCADO,DE_SEGMENTO_MERCADO,DT_INI_VIGENCIA_SIN,DT_FIM_VIGENCIA_SIN) values ('CEM','TELEVISÃO PAGA',to_date('06/09/01','DD/MM/RR'),null);
Insert into SIN.TA_SEGMENTO_MERCADO (CD_SEGMENTO_MERCADO,DE_SEGMENTO_MERCADO,DT_INI_VIGENCIA_SIN,DT_FIM_VIGENCIA_SIN) values ('RSI','TELEVISÃO ABERTA',to_date('06/09/01','DD/MM/RR'),null);
Insert into SIN.TA_SEGMENTO_MERCADO (CD_SEGMENTO_MERCADO,DE_SEGMENTO_MERCADO,DT_INI_VIGENCIA_SIN,DT_FIM_VIGENCIA_SIN) values ('VPD','VÍDEO SOB DEMANDA',to_date('06/09/01','DD/MM/RR'),null);
Insert into SIN.TA_SEGMENTO_MERCADO (CD_SEGMENTO_MERCADO,DE_SEGMENTO_MERCADO,DT_INI_VIGENCIA_SIN,DT_FIM_VIGENCIA_SIN) values ('VDO','VIDEO DOMÉSTICO',to_date('06/09/01','DD/MM/RR'),null);
Insert into SIN.TA_SEGMENTO_MERCADO (CD_SEGMENTO_MERCADO,DE_SEGMENTO_MERCADO,DT_INI_VIGENCIA_SIN,DT_FIM_VIGENCIA_SIN) values ('CON','A CONFIRMAR',to_date('06/09/01','DD/MM/RR'),to_date('31/12/15','DD/MM/RR'));


CREATE TABLE "SIN"."TA_FORMATO_OBRA" ("CD_FORMATO_OBRA" VARCHAR2(4), "DE_FORMATO_OBRA" VARCHAR2(50), "DT_INI_VIGENCIA_SIN" DATE, "DT_FIM_VIGENCIA_SIN" DATE);
Insert into SIN.TA_FORMATO_OBRA (CD_FORMATO_OBRA,DE_FORMATO_OBRA,DT_INI_VIGENCIA_SIN,DT_FIM_VIGENCIA_SIN) values ('CURT','CURTA-METRAGEM',to_date('06/09/01','DD/MM/RR'),null);
Insert into SIN.TA_FORMATO_OBRA (CD_FORMATO_OBRA,DE_FORMATO_OBRA,DT_INI_VIGENCIA_SIN,DT_FIM_VIGENCIA_SIN) values ('MEDI','MÉDIA-METRAGEM',to_date('06/09/01','DD/MM/RR'),null);
Insert into SIN.TA_FORMATO_OBRA (CD_FORMATO_OBRA,DE_FORMATO_OBRA,DT_INI_VIGENCIA_SIN,DT_FIM_VIGENCIA_SIN) values ('LONG','LONGA-METRAGEM',to_date('06/09/01','DD/MM/RR'),null);
Insert into SIN.TA_FORMATO_OBRA (CD_FORMATO_OBRA,DE_FORMATO_OBRA,DT_INI_VIGENCIA_SIN,DT_FIM_VIGENCIA_SIN) values ('TELE','TELEFILME',to_date('06/09/01','DD/MM/RR'),null);
Insert into SIN.TA_FORMATO_OBRA (CD_FORMATO_OBRA,DE_FORMATO_OBRA,DT_INI_VIGENCIA_SIN,DT_FIM_VIGENCIA_SIN) values ('SERI','OBRA SERIADA',to_date('06/09/01','DD/MM/RR'),null);
Insert into SIN.TA_FORMATO_OBRA (CD_FORMATO_OBRA,DE_FORMATO_OBRA,DT_INI_VIGENCIA_SIN,DT_FIM_VIGENCIA_SIN) values ('CONF','A CONFIRMAR',to_date('06/09/01','DD/MM/RR'),to_date('31/12/15','DD/MM/RR'));


CREATE TABLE "SIN"."TA_TIPO_OBJETO_FINANCIAVEL" ("CD_OBJETO_FINANCIAVEL" VARCHAR2(4), "DE_OBJETO_FINANCIAVEL" VARCHAR2(50), "ID_TIPO_PROCEDIMENTO_SEI" NUMBER(11,0));
Insert into SIN.TA_TIPO_OBJETO_FINANCIAVEL (CD_OBJETO_FINANCIAVEL,DE_OBJETO_FINANCIAVEL,ID_TIPO_PROCEDIMENTO_SEI) values ('DESV','DESENVOLVIMENTO','0');
Insert into SIN.TA_TIPO_OBJETO_FINANCIAVEL (CD_OBJETO_FINANCIAVEL,DE_OBJETO_FINANCIAVEL,ID_TIPO_PROCEDIMENTO_SEI) values ('PROD','PRODUÇÃO','0');
Insert into SIN.TA_TIPO_OBJETO_FINANCIAVEL (CD_OBJETO_FINANCIAVEL,DE_OBJETO_FINANCIAVEL,ID_TIPO_PROCEDIMENTO_SEI) values ('COM','COMERCIALIZAÇÃO','0');
Insert into SIN.TA_TIPO_OBJETO_FINANCIAVEL (CD_OBJETO_FINANCIAVEL,DE_OBJETO_FINANCIAVEL,ID_TIPO_PROCEDIMENTO_SEI) values ('PCC','PRODUÇÃO COM COMERCIALIZAÇÃO','0');


CREATE TABLE "SIN"."TB_FONTE_FINANCIAMENTO" ("ID_FONTE_FINANCIAMENTO" NUMBER(8,0), "ID_TIPO_FONTE_FINANCIAMENTO" NUMBER(8,0), "NR_ANO_FONTE_FINANCIAMENTO" NUMBER(4,0), "ID_ANO_CHAMADA_PUBLICA" NUMBER(8,0), "DT_INI_INSCRICAO" DATE, "DT_FIM_INSCRICAO" DATE);
Insert into SIN.TB_FONTE_FINANCIAMENTO (ID_FONTE_FINANCIAMENTO,ID_TIPO_FONTE_FINANCIAMENTO,NR_ANO_FONTE_FINANCIAMENTO,ID_ANO_CHAMADA_PUBLICA,DT_INI_INSCRICAO,DT_FIM_INSCRICAO) values ('504','1','2010',null,to_date('01/01/10','DD/MM/RR'),null);
Insert into SIN.TB_FONTE_FINANCIAMENTO (ID_FONTE_FINANCIAMENTO,ID_TIPO_FONTE_FINANCIAMENTO,NR_ANO_FONTE_FINANCIAMENTO,ID_ANO_CHAMADA_PUBLICA,DT_INI_INSCRICAO,DT_FIM_INSCRICAO) values ('505','2','2010',null,to_date('01/01/10','DD/MM/RR'),null);
Insert into SIN.TB_FONTE_FINANCIAMENTO (ID_FONTE_FINANCIAMENTO,ID_TIPO_FONTE_FINANCIAMENTO,NR_ANO_FONTE_FINANCIAMENTO,ID_ANO_CHAMADA_PUBLICA,DT_INI_INSCRICAO,DT_FIM_INSCRICAO) values ('508','5','2010',null,to_date('01/01/10','DD/MM/RR'),null);
Insert into SIN.TB_FONTE_FINANCIAMENTO (ID_FONTE_FINANCIAMENTO,ID_TIPO_FONTE_FINANCIAMENTO,NR_ANO_FONTE_FINANCIAMENTO,ID_ANO_CHAMADA_PUBLICA,DT_INI_INSCRICAO,DT_FIM_INSCRICAO) values ('509','6','2010',null,to_date('01/01/10','DD/MM/RR'),null);
Insert into SIN.TB_FONTE_FINANCIAMENTO (ID_FONTE_FINANCIAMENTO,ID_TIPO_FONTE_FINANCIAMENTO,NR_ANO_FONTE_FINANCIAMENTO,ID_ANO_CHAMADA_PUBLICA,DT_INI_INSCRICAO,DT_FIM_INSCRICAO) values ('510','7','2010',null,to_date('01/01/10','DD/MM/RR'),null);
Insert into SIN.TB_FONTE_FINANCIAMENTO (ID_FONTE_FINANCIAMENTO,ID_TIPO_FONTE_FINANCIAMENTO,NR_ANO_FONTE_FINANCIAMENTO,ID_ANO_CHAMADA_PUBLICA,DT_INI_INSCRICAO,DT_FIM_INSCRICAO) values ('511','8','2010',null,to_date('01/01/10','DD/MM/RR'),null);
Insert into SIN.TB_FONTE_FINANCIAMENTO (ID_FONTE_FINANCIAMENTO,ID_TIPO_FONTE_FINANCIAMENTO,NR_ANO_FONTE_FINANCIAMENTO,ID_ANO_CHAMADA_PUBLICA,DT_INI_INSCRICAO,DT_FIM_INSCRICAO) values ('512','9','2010',null,to_date('01/01/10','DD/MM/RR'),null);
Insert into SIN.TB_FONTE_FINANCIAMENTO (ID_FONTE_FINANCIAMENTO,ID_TIPO_FONTE_FINANCIAMENTO,NR_ANO_FONTE_FINANCIAMENTO,ID_ANO_CHAMADA_PUBLICA,DT_INI_INSCRICAO,DT_FIM_INSCRICAO) values ('513','10','2010',null,to_date('01/01/10','DD/MM/RR'),null);
Insert into SIN.TB_FONTE_FINANCIAMENTO (ID_FONTE_FINANCIAMENTO,ID_TIPO_FONTE_FINANCIAMENTO,NR_ANO_FONTE_FINANCIAMENTO,ID_ANO_CHAMADA_PUBLICA,DT_INI_INSCRICAO,DT_FIM_INSCRICAO) values ('514','50','2012',null,to_date('18/06/12','DD/MM/RR'),to_date('31/05/13','DD/MM/RR'));
Insert into SIN.TB_FONTE_FINANCIAMENTO (ID_FONTE_FINANCIAMENTO,ID_TIPO_FONTE_FINANCIAMENTO,NR_ANO_FONTE_FINANCIAMENTO,ID_ANO_CHAMADA_PUBLICA,DT_INI_INSCRICAO,DT_FIM_INSCRICAO) values ('515','50','2013',null,to_date('17/02/14','DD/MM/RR'),to_date('31/12/17','DD/MM/RR'));
Insert into SIN.TB_FONTE_FINANCIAMENTO (ID_FONTE_FINANCIAMENTO,ID_TIPO_FONTE_FINANCIAMENTO,NR_ANO_FONTE_FINANCIAMENTO,ID_ANO_CHAMADA_PUBLICA,DT_INI_INSCRICAO,DT_FIM_INSCRICAO) values ('516','51','2014',null,to_date('15/01/14','DD/MM/RR'),to_date('01/06/16','DD/MM/RR'));
Insert into SIN.TB_FONTE_FINANCIAMENTO (ID_FONTE_FINANCIAMENTO,ID_TIPO_FONTE_FINANCIAMENTO,NR_ANO_FONTE_FINANCIAMENTO,ID_ANO_CHAMADA_PUBLICA,DT_INI_INSCRICAO,DT_FIM_INSCRICAO) values ('517','51','2016',null,to_date('21/01/16','DD/MM/RR'),to_date('31/12/18','DD/MM/RR'));
Insert into SIN.TB_FONTE_FINANCIAMENTO (ID_FONTE_FINANCIAMENTO,ID_TIPO_FONTE_FINANCIAMENTO,NR_ANO_FONTE_FINANCIAMENTO,ID_ANO_CHAMADA_PUBLICA,DT_INI_INSCRICAO,DT_FIM_INSCRICAO) values ('518','52','2013',null,to_date('15/01/14','DD/MM/RR'),to_date('04/04/14','DD/MM/RR'));
Insert into SIN.TB_FONTE_FINANCIAMENTO (ID_FONTE_FINANCIAMENTO,ID_TIPO_FONTE_FINANCIAMENTO,NR_ANO_FONTE_FINANCIAMENTO,ID_ANO_CHAMADA_PUBLICA,DT_INI_INSCRICAO,DT_FIM_INSCRICAO) values ('519','52','2014',null,to_date('22/12/14','DD/MM/RR'),to_date('23/02/15','DD/MM/RR'));
Insert into SIN.TB_FONTE_FINANCIAMENTO (ID_FONTE_FINANCIAMENTO,ID_TIPO_FONTE_FINANCIAMENTO,NR_ANO_FONTE_FINANCIAMENTO,ID_ANO_CHAMADA_PUBLICA,DT_INI_INSCRICAO,DT_FIM_INSCRICAO) values ('520','52','2015',null,to_date('13/10/15','DD/MM/RR'),to_date('26/11/15','DD/MM/RR'));
Insert into SIN.TB_FONTE_FINANCIAMENTO (ID_FONTE_FINANCIAMENTO,ID_TIPO_FONTE_FINANCIAMENTO,NR_ANO_FONTE_FINANCIAMENTO,ID_ANO_CHAMADA_PUBLICA,DT_INI_INSCRICAO,DT_FIM_INSCRICAO) values ('521','52','2016',null,to_date('29/07/16','DD/MM/RR'),to_date('16/09/16','DD/MM/RR'));
Insert into SIN.TB_FONTE_FINANCIAMENTO (ID_FONTE_FINANCIAMENTO,ID_TIPO_FONTE_FINANCIAMENTO,NR_ANO_FONTE_FINANCIAMENTO,ID_ANO_CHAMADA_PUBLICA,DT_INI_INSCRICAO,DT_FIM_INSCRICAO) values ('522','54','2013',null,to_date('15/01/14','DD/MM/RR'),to_date('04/04/14','DD/MM/RR'));
Insert into SIN.TB_FONTE_FINANCIAMENTO (ID_FONTE_FINANCIAMENTO,ID_TIPO_FONTE_FINANCIAMENTO,NR_ANO_FONTE_FINANCIAMENTO,ID_ANO_CHAMADA_PUBLICA,DT_INI_INSCRICAO,DT_FIM_INSCRICAO) values ('523','54','2014',null,to_date('06/02/15','DD/MM/RR'),to_date('25/03/15','DD/MM/RR'));
Insert into SIN.TB_FONTE_FINANCIAMENTO (ID_FONTE_FINANCIAMENTO,ID_TIPO_FONTE_FINANCIAMENTO,NR_ANO_FONTE_FINANCIAMENTO,ID_ANO_CHAMADA_PUBLICA,DT_INI_INSCRICAO,DT_FIM_INSCRICAO) values ('524','55','2014',null,to_date('05/01/15','DD/MM/RR'),to_date('02/03/15','DD/MM/RR'));
Insert into SIN.TB_FONTE_FINANCIAMENTO (ID_FONTE_FINANCIAMENTO,ID_TIPO_FONTE_FINANCIAMENTO,NR_ANO_FONTE_FINANCIAMENTO,ID_ANO_CHAMADA_PUBLICA,DT_INI_INSCRICAO,DT_FIM_INSCRICAO) values ('525','55','2013',null,to_date('17/02/14','DD/MM/RR'),to_date('15/04/14','DD/MM/RR'));
Insert into SIN.TB_FONTE_FINANCIAMENTO (ID_FONTE_FINANCIAMENTO,ID_TIPO_FONTE_FINANCIAMENTO,NR_ANO_FONTE_FINANCIAMENTO,ID_ANO_CHAMADA_PUBLICA,DT_INI_INSCRICAO,DT_FIM_INSCRICAO) values ('526','55','2015',null,to_date('23/12/15','DD/MM/RR'),to_date('28/03/16','DD/MM/RR'));
Insert into SIN.TB_FONTE_FINANCIAMENTO (ID_FONTE_FINANCIAMENTO,ID_TIPO_FONTE_FINANCIAMENTO,NR_ANO_FONTE_FINANCIAMENTO,ID_ANO_CHAMADA_PUBLICA,DT_INI_INSCRICAO,DT_FIM_INSCRICAO) values ('527','57','2014',null,to_date('06/04/15','DD/MM/RR'),to_date('22/07/17','DD/MM/RR'));
Insert into SIN.TB_FONTE_FINANCIAMENTO (ID_FONTE_FINANCIAMENTO,ID_TIPO_FONTE_FINANCIAMENTO,NR_ANO_FONTE_FINANCIAMENTO,ID_ANO_CHAMADA_PUBLICA,DT_INI_INSCRICAO,DT_FIM_INSCRICAO) values ('528','57','2015',null,to_date('20/04/16','DD/MM/RR'),to_date('20/04/18','DD/MM/RR'));
Insert into SIN.TB_FONTE_FINANCIAMENTO (ID_FONTE_FINANCIAMENTO,ID_TIPO_FONTE_FINANCIAMENTO,NR_ANO_FONTE_FINANCIAMENTO,ID_ANO_CHAMADA_PUBLICA,DT_INI_INSCRICAO,DT_FIM_INSCRICAO) values ('530','58','2014',null,to_date('06/04/15','DD/MM/RR'),to_date('17/04/17','DD/MM/RR'));
Insert into SIN.TB_FONTE_FINANCIAMENTO (ID_FONTE_FINANCIAMENTO,ID_TIPO_FONTE_FINANCIAMENTO,NR_ANO_FONTE_FINANCIAMENTO,ID_ANO_CHAMADA_PUBLICA,DT_INI_INSCRICAO,DT_FIM_INSCRICAO) values ('531','58','2015',null,to_date('16/03/16','DD/MM/RR'),to_date('21/01/18','DD/MM/RR'));
Insert into SIN.TB_FONTE_FINANCIAMENTO (ID_FONTE_FINANCIAMENTO,ID_TIPO_FONTE_FINANCIAMENTO,NR_ANO_FONTE_FINANCIAMENTO,ID_ANO_CHAMADA_PUBLICA,DT_INI_INSCRICAO,DT_FIM_INSCRICAO) values ('532','58','2016',null,to_date('01/11/16','DD/MM/RR'),to_date('21/01/18','DD/MM/RR'));
Insert into SIN.TB_FONTE_FINANCIAMENTO (ID_FONTE_FINANCIAMENTO,ID_TIPO_FONTE_FINANCIAMENTO,NR_ANO_FONTE_FINANCIAMENTO,ID_ANO_CHAMADA_PUBLICA,DT_INI_INSCRICAO,DT_FIM_INSCRICAO) values ('533','59','2015',null,to_date('28/12/15','DD/MM/RR'),to_date('31/03/16','DD/MM/RR'));
Insert into SIN.TB_FONTE_FINANCIAMENTO (ID_FONTE_FINANCIAMENTO,ID_TIPO_FONTE_FINANCIAMENTO,NR_ANO_FONTE_FINANCIAMENTO,ID_ANO_CHAMADA_PUBLICA,DT_INI_INSCRICAO,DT_FIM_INSCRICAO) values ('534','60','2015',null,to_date('28/12/15','DD/MM/RR'),to_date('31/03/16','DD/MM/RR'));
Insert into SIN.TB_FONTE_FINANCIAMENTO (ID_FONTE_FINANCIAMENTO,ID_TIPO_FONTE_FINANCIAMENTO,NR_ANO_FONTE_FINANCIAMENTO,ID_ANO_CHAMADA_PUBLICA,DT_INI_INSCRICAO,DT_FIM_INSCRICAO) values ('535','61','2015',null,to_date('28/12/15','DD/MM/RR'),to_date('31/03/16','DD/MM/RR'));
Insert into SIN.TB_FONTE_FINANCIAMENTO (ID_FONTE_FINANCIAMENTO,ID_TIPO_FONTE_FINANCIAMENTO,NR_ANO_FONTE_FINANCIAMENTO,ID_ANO_CHAMADA_PUBLICA,DT_INI_INSCRICAO,DT_FIM_INSCRICAO) values ('536','62','2015',null,to_date('28/12/15','DD/MM/RR'),to_date('31/03/16','DD/MM/RR'));
Insert into SIN.TB_FONTE_FINANCIAMENTO (ID_FONTE_FINANCIAMENTO,ID_TIPO_FONTE_FINANCIAMENTO,NR_ANO_FONTE_FINANCIAMENTO,ID_ANO_CHAMADA_PUBLICA,DT_INI_INSCRICAO,DT_FIM_INSCRICAO) values ('537','63','2015',null,to_date('28/12/15','DD/MM/RR'),to_date('31/03/16','DD/MM/RR'));
Insert into SIN.TB_FONTE_FINANCIAMENTO (ID_FONTE_FINANCIAMENTO,ID_TIPO_FONTE_FINANCIAMENTO,NR_ANO_FONTE_FINANCIAMENTO,ID_ANO_CHAMADA_PUBLICA,DT_INI_INSCRICAO,DT_FIM_INSCRICAO) values ('538','64','2016',null,to_date('08/08/16','DD/MM/RR'),to_date('31/12/18','DD/MM/RR'));
Insert into SIN.TB_FONTE_FINANCIAMENTO (ID_FONTE_FINANCIAMENTO,ID_TIPO_FONTE_FINANCIAMENTO,NR_ANO_FONTE_FINANCIAMENTO,ID_ANO_CHAMADA_PUBLICA,DT_INI_INSCRICAO,DT_FIM_INSCRICAO) values ('566','28','2008','21',to_date('01/01/08','DD/MM/RR'),to_date('31/12/08','DD/MM/RR'));
Insert into SIN.TB_FONTE_FINANCIAMENTO (ID_FONTE_FINANCIAMENTO,ID_TIPO_FONTE_FINANCIAMENTO,NR_ANO_FONTE_FINANCIAMENTO,ID_ANO_CHAMADA_PUBLICA,DT_INI_INSCRICAO,DT_FIM_INSCRICAO) values ('567','28','2009','25',to_date('01/01/09','DD/MM/RR'),to_date('31/12/09','DD/MM/RR'));
Insert into SIN.TB_FONTE_FINANCIAMENTO (ID_FONTE_FINANCIAMENTO,ID_TIPO_FONTE_FINANCIAMENTO,NR_ANO_FONTE_FINANCIAMENTO,ID_ANO_CHAMADA_PUBLICA,DT_INI_INSCRICAO,DT_FIM_INSCRICAO) values ('568','28','2010','2',to_date('01/01/00','DD/MM/RR'),to_date('31/12/00','DD/MM/RR'));
Insert into SIN.TB_FONTE_FINANCIAMENTO (ID_FONTE_FINANCIAMENTO,ID_TIPO_FONTE_FINANCIAMENTO,NR_ANO_FONTE_FINANCIAMENTO,ID_ANO_CHAMADA_PUBLICA,DT_INI_INSCRICAO,DT_FIM_INSCRICAO) values ('569','28','2012','6',to_date('21/05/12','DD/MM/RR'),to_date('06/07/12','DD/MM/RR'));
Insert into SIN.TB_FONTE_FINANCIAMENTO (ID_FONTE_FINANCIAMENTO,ID_TIPO_FONTE_FINANCIAMENTO,NR_ANO_FONTE_FINANCIAMENTO,ID_ANO_CHAMADA_PUBLICA,DT_INI_INSCRICAO,DT_FIM_INSCRICAO) values ('570','28','2013','12',to_date('26/12/13','DD/MM/RR'),to_date('17/02/14','DD/MM/RR'));
Insert into SIN.TB_FONTE_FINANCIAMENTO (ID_FONTE_FINANCIAMENTO,ID_TIPO_FONTE_FINANCIAMENTO,NR_ANO_FONTE_FINANCIAMENTO,ID_ANO_CHAMADA_PUBLICA,DT_INI_INSCRICAO,DT_FIM_INSCRICAO) values ('571','28','2014','49',to_date('22/12/14','DD/MM/RR'),to_date('05/02/15','DD/MM/RR'));
Insert into SIN.TB_FONTE_FINANCIAMENTO (ID_FONTE_FINANCIAMENTO,ID_TIPO_FONTE_FINANCIAMENTO,NR_ANO_FONTE_FINANCIAMENTO,ID_ANO_CHAMADA_PUBLICA,DT_INI_INSCRICAO,DT_FIM_INSCRICAO) values ('572','28','2015','53',to_date('12/11/15','DD/MM/RR'),to_date('28/12/15','DD/MM/RR'));
Insert into SIN.TB_FONTE_FINANCIAMENTO (ID_FONTE_FINANCIAMENTO,ID_TIPO_FONTE_FINANCIAMENTO,NR_ANO_FONTE_FINANCIAMENTO,ID_ANO_CHAMADA_PUBLICA,DT_INI_INSCRICAO,DT_FIM_INSCRICAO) values ('573','28','2016','59',to_date('01/09/16','DD/MM/RR'),to_date('17/10/16','DD/MM/RR'));
Insert into SIN.TB_FONTE_FINANCIAMENTO (ID_FONTE_FINANCIAMENTO,ID_TIPO_FONTE_FINANCIAMENTO,NR_ANO_FONTE_FINANCIAMENTO,ID_ANO_CHAMADA_PUBLICA,DT_INI_INSCRICAO,DT_FIM_INSCRICAO) values ('582','29','2010','3',to_date('01/01/10','DD/MM/RR'),to_date('31/12/10','DD/MM/RR'));
Insert into SIN.TB_FONTE_FINANCIAMENTO (ID_FONTE_FINANCIAMENTO,ID_TIPO_FONTE_FINANCIAMENTO,NR_ANO_FONTE_FINANCIAMENTO,ID_ANO_CHAMADA_PUBLICA,DT_INI_INSCRICAO,DT_FIM_INSCRICAO) values ('583','29','2012',null,to_date('11/06/12','DD/MM/RR'),to_date('31/05/13','DD/MM/RR'));
Insert into SIN.TB_FONTE_FINANCIAMENTO (ID_FONTE_FINANCIAMENTO,ID_TIPO_FONTE_FINANCIAMENTO,NR_ANO_FONTE_FINANCIAMENTO,ID_ANO_CHAMADA_PUBLICA,DT_INI_INSCRICAO,DT_FIM_INSCRICAO) values ('584','29','2013',null,to_date('15/01/14','DD/MM/RR'),to_date('01/06/16','DD/MM/RR'));
Insert into SIN.TB_FONTE_FINANCIAMENTO (ID_FONTE_FINANCIAMENTO,ID_TIPO_FONTE_FINANCIAMENTO,NR_ANO_FONTE_FINANCIAMENTO,ID_ANO_CHAMADA_PUBLICA,DT_INI_INSCRICAO,DT_FIM_INSCRICAO) values ('585','29','2016',null,to_date('02/06/16','DD/MM/RR'),to_date('31/12/18','DD/MM/RR'));
Insert into SIN.TB_FONTE_FINANCIAMENTO (ID_FONTE_FINANCIAMENTO,ID_TIPO_FONTE_FINANCIAMENTO,NR_ANO_FONTE_FINANCIAMENTO,ID_ANO_CHAMADA_PUBLICA,DT_INI_INSCRICAO,DT_FIM_INSCRICAO) values ('590','30','2008','23',to_date('01/01/08','DD/MM/RR'),to_date('31/12/08','DD/MM/RR'));
Insert into SIN.TB_FONTE_FINANCIAMENTO (ID_FONTE_FINANCIAMENTO,ID_TIPO_FONTE_FINANCIAMENTO,NR_ANO_FONTE_FINANCIAMENTO,ID_ANO_CHAMADA_PUBLICA,DT_INI_INSCRICAO,DT_FIM_INSCRICAO) values ('591','30','2009','27',to_date('01/01/09','DD/MM/RR'),to_date('31/12/09','DD/MM/RR'));
Insert into SIN.TB_FONTE_FINANCIAMENTO (ID_FONTE_FINANCIAMENTO,ID_TIPO_FONTE_FINANCIAMENTO,NR_ANO_FONTE_FINANCIAMENTO,ID_ANO_CHAMADA_PUBLICA,DT_INI_INSCRICAO,DT_FIM_INSCRICAO) values ('592','30','2010','4',to_date('01/01/10','DD/MM/RR'),to_date('31/12/10','DD/MM/RR'));
Insert into SIN.TB_FONTE_FINANCIAMENTO (ID_FONTE_FINANCIAMENTO,ID_TIPO_FONTE_FINANCIAMENTO,NR_ANO_FONTE_FINANCIAMENTO,ID_ANO_CHAMADA_PUBLICA,DT_INI_INSCRICAO,DT_FIM_INSCRICAO) values ('593','30','2012','8',to_date('11/06/12','DD/MM/RR'),to_date('31/05/13','DD/MM/RR'));
Insert into SIN.TB_FONTE_FINANCIAMENTO (ID_FONTE_FINANCIAMENTO,ID_TIPO_FONTE_FINANCIAMENTO,NR_ANO_FONTE_FINANCIAMENTO,ID_ANO_CHAMADA_PUBLICA,DT_INI_INSCRICAO,DT_FIM_INSCRICAO) values ('594','30','2013','14',to_date('15/01/14','DD/MM/RR'),to_date('19/10/16','DD/MM/RR'));
Insert into SIN.TB_FONTE_FINANCIAMENTO (ID_FONTE_FINANCIAMENTO,ID_TIPO_FONTE_FINANCIAMENTO,NR_ANO_FONTE_FINANCIAMENTO,ID_ANO_CHAMADA_PUBLICA,DT_INI_INSCRICAO,DT_FIM_INSCRICAO) values ('595','30','2016','60',to_date('20/10/16','DD/MM/RR'),to_date('31/12/18','DD/MM/RR'));
Insert into SIN.TB_FONTE_FINANCIAMENTO (ID_FONTE_FINANCIAMENTO,ID_TIPO_FONTE_FINANCIAMENTO,NR_ANO_FONTE_FINANCIAMENTO,ID_ANO_CHAMADA_PUBLICA,DT_INI_INSCRICAO,DT_FIM_INSCRICAO) values ('606','31','2012',null,to_date('04/06/12','DD/MM/RR'),to_date('31/05/13','DD/MM/RR'));
Insert into SIN.TB_FONTE_FINANCIAMENTO (ID_FONTE_FINANCIAMENTO,ID_TIPO_FONTE_FINANCIAMENTO,NR_ANO_FONTE_FINANCIAMENTO,ID_ANO_CHAMADA_PUBLICA,DT_INI_INSCRICAO,DT_FIM_INSCRICAO) values ('607','31','2013',null,to_date('15/01/14','DD/MM/RR'),to_date('31/12/17','DD/MM/RR'));
Insert into SIN.TB_FONTE_FINANCIAMENTO (ID_FONTE_FINANCIAMENTO,ID_TIPO_FONTE_FINANCIAMENTO,NR_ANO_FONTE_FINANCIAMENTO,ID_ANO_CHAMADA_PUBLICA,DT_INI_INSCRICAO,DT_FIM_INSCRICAO) values ('608','31','2014','51',to_date('01/01/14','DD/MM/RR'),to_date('31/12/14','DD/MM/RR'));
Insert into SIN.TB_FONTE_FINANCIAMENTO (ID_FONTE_FINANCIAMENTO,ID_TIPO_FONTE_FINANCIAMENTO,NR_ANO_FONTE_FINANCIAMENTO,ID_ANO_CHAMADA_PUBLICA,DT_INI_INSCRICAO,DT_FIM_INSCRICAO) values ('609','31','2016','61',to_date('01/01/16','DD/MM/RR'),null);
Insert into SIN.TB_FONTE_FINANCIAMENTO (ID_FONTE_FINANCIAMENTO,ID_TIPO_FONTE_FINANCIAMENTO,NR_ANO_FONTE_FINANCIAMENTO,ID_ANO_CHAMADA_PUBLICA,DT_INI_INSCRICAO,DT_FIM_INSCRICAO) values ('614','32','2013','15',to_date('26/12/13','DD/MM/RR'),to_date('17/02/14','DD/MM/RR'));
Insert into SIN.TB_FONTE_FINANCIAMENTO (ID_FONTE_FINANCIAMENTO,ID_TIPO_FONTE_FINANCIAMENTO,NR_ANO_FONTE_FINANCIAMENTO,ID_ANO_CHAMADA_PUBLICA,DT_INI_INSCRICAO,DT_FIM_INSCRICAO) values ('615','32','2014','33',to_date('22/12/14','DD/MM/RR'),to_date('09/02/15','DD/MM/RR'));
Insert into SIN.TB_FONTE_FINANCIAMENTO (ID_FONTE_FINANCIAMENTO,ID_TIPO_FONTE_FINANCIAMENTO,NR_ANO_FONTE_FINANCIAMENTO,ID_ANO_CHAMADA_PUBLICA,DT_INI_INSCRICAO,DT_FIM_INSCRICAO) values ('616','32','2015','54',to_date('22/12/15','DD/MM/RR'),to_date('26/02/16','DD/MM/RR'));
Insert into SIN.TB_FONTE_FINANCIAMENTO (ID_FONTE_FINANCIAMENTO,ID_TIPO_FONTE_FINANCIAMENTO,NR_ANO_FONTE_FINANCIAMENTO,ID_ANO_CHAMADA_PUBLICA,DT_INI_INSCRICAO,DT_FIM_INSCRICAO) values ('617','32','2016','62',to_date('01/12/16','DD/MM/RR'),to_date('23/01/17','DD/MM/RR'));
Insert into SIN.TB_FONTE_FINANCIAMENTO (ID_FONTE_FINANCIAMENTO,ID_TIPO_FONTE_FINANCIAMENTO,NR_ANO_FONTE_FINANCIAMENTO,ID_ANO_CHAMADA_PUBLICA,DT_INI_INSCRICAO,DT_FIM_INSCRICAO) values ('622','33','2015','44',to_date('18/05/15','DD/MM/RR'),to_date('31/12/16','DD/MM/RR'));
Insert into SIN.TB_FONTE_FINANCIAMENTO (ID_FONTE_FINANCIAMENTO,ID_TIPO_FONTE_FINANCIAMENTO,NR_ANO_FONTE_FINANCIAMENTO,ID_ANO_CHAMADA_PUBLICA,DT_INI_INSCRICAO,DT_FIM_INSCRICAO) values ('624','34','2016','64',to_date('28/04/16','DD/MM/RR'),to_date('15/08/16','DD/MM/RR'));
Insert into SIN.TB_FONTE_FINANCIAMENTO (ID_FONTE_FINANCIAMENTO,ID_TIPO_FONTE_FINANCIAMENTO,NR_ANO_FONTE_FINANCIAMENTO,ID_ANO_CHAMADA_PUBLICA,DT_INI_INSCRICAO,DT_FIM_INSCRICAO) values ('626','35','2016','65',to_date('28/04/16','DD/MM/RR'),to_date('21/06/16','DD/MM/RR'));
Insert into SIN.TB_FONTE_FINANCIAMENTO (ID_FONTE_FINANCIAMENTO,ID_TIPO_FONTE_FINANCIAMENTO,NR_ANO_FONTE_FINANCIAMENTO,ID_ANO_CHAMADA_PUBLICA,DT_INI_INSCRICAO,DT_FIM_INSCRICAO) values ('628','36','2016','66',to_date('28/04/16','DD/MM/RR'),to_date('28/06/16','DD/MM/RR'));
Insert into SIN.TB_FONTE_FINANCIAMENTO (ID_FONTE_FINANCIAMENTO,ID_TIPO_FONTE_FINANCIAMENTO,NR_ANO_FONTE_FINANCIAMENTO,ID_ANO_CHAMADA_PUBLICA,DT_INI_INSCRICAO,DT_FIM_INSCRICAO) values ('630','37','2016','67',to_date('23/05/16','DD/MM/RR'),to_date('01/08/16','DD/MM/RR'));
Insert into SIN.TB_FONTE_FINANCIAMENTO (ID_FONTE_FINANCIAMENTO,ID_TIPO_FONTE_FINANCIAMENTO,NR_ANO_FONTE_FINANCIAMENTO,ID_ANO_CHAMADA_PUBLICA,DT_INI_INSCRICAO,DT_FIM_INSCRICAO) values ('632','86','2014',null,to_date('01/12/14','DD/MM/RR'),to_date('31/12/16','DD/MM/RR'));
Insert into SIN.TB_FONTE_FINANCIAMENTO (ID_FONTE_FINANCIAMENTO,ID_TIPO_FONTE_FINANCIAMENTO,NR_ANO_FONTE_FINANCIAMENTO,ID_ANO_CHAMADA_PUBLICA,DT_INI_INSCRICAO,DT_FIM_INSCRICAO) values ('633','87','2014',null,to_date('01/12/14','DD/MM/RR'),to_date('31/12/16','DD/MM/RR'));
Insert into SIN.TB_FONTE_FINANCIAMENTO (ID_FONTE_FINANCIAMENTO,ID_TIPO_FONTE_FINANCIAMENTO,NR_ANO_FONTE_FINANCIAMENTO,ID_ANO_CHAMADA_PUBLICA,DT_INI_INSCRICAO,DT_FIM_INSCRICAO) values ('634','88','2014',null,to_date('01/12/14','DD/MM/RR'),to_date('31/12/16','DD/MM/RR'));
Insert into SIN.TB_FONTE_FINANCIAMENTO (ID_FONTE_FINANCIAMENTO,ID_TIPO_FONTE_FINANCIAMENTO,NR_ANO_FONTE_FINANCIAMENTO,ID_ANO_CHAMADA_PUBLICA,DT_INI_INSCRICAO,DT_FIM_INSCRICAO) values ('635','89','2014',null,to_date('01/12/14','DD/MM/RR'),to_date('31/12/16','DD/MM/RR'));
Insert into SIN.TB_FONTE_FINANCIAMENTO (ID_FONTE_FINANCIAMENTO,ID_TIPO_FONTE_FINANCIAMENTO,NR_ANO_FONTE_FINANCIAMENTO,ID_ANO_CHAMADA_PUBLICA,DT_INI_INSCRICAO,DT_FIM_INSCRICAO) values ('636','90','2014',null,to_date('01/12/14','DD/MM/RR'),to_date('31/12/16','DD/MM/RR'));
Insert into SIN.TB_FONTE_FINANCIAMENTO (ID_FONTE_FINANCIAMENTO,ID_TIPO_FONTE_FINANCIAMENTO,NR_ANO_FONTE_FINANCIAMENTO,ID_ANO_CHAMADA_PUBLICA,DT_INI_INSCRICAO,DT_FIM_INSCRICAO) values ('642','96','2014',null,to_date('01/01/16','DD/MM/RR'),to_date('31/12/19','DD/MM/RR'));
Insert into SIN.TB_FONTE_FINANCIAMENTO (ID_FONTE_FINANCIAMENTO,ID_TIPO_FONTE_FINANCIAMENTO,NR_ANO_FONTE_FINANCIAMENTO,ID_ANO_CHAMADA_PUBLICA,DT_INI_INSCRICAO,DT_FIM_INSCRICAO) values ('643','98','2014',null,to_date('01/01/16','DD/MM/RR'),to_date('31/12/19','DD/MM/RR'));
Insert into SIN.TB_FONTE_FINANCIAMENTO (ID_FONTE_FINANCIAMENTO,ID_TIPO_FONTE_FINANCIAMENTO,NR_ANO_FONTE_FINANCIAMENTO,ID_ANO_CHAMADA_PUBLICA,DT_INI_INSCRICAO,DT_FIM_INSCRICAO) values ('644','100','2014',null,to_date('12/01/15','DD/MM/RR'),to_date('27/04/15','DD/MM/RR'));
Insert into SIN.TB_FONTE_FINANCIAMENTO (ID_FONTE_FINANCIAMENTO,ID_TIPO_FONTE_FINANCIAMENTO,NR_ANO_FONTE_FINANCIAMENTO,ID_ANO_CHAMADA_PUBLICA,DT_INI_INSCRICAO,DT_FIM_INSCRICAO) values ('645','102','2014',null,to_date('12/01/15','DD/MM/RR'),to_date('27/04/15','DD/MM/RR'));
Insert into SIN.TB_FONTE_FINANCIAMENTO (ID_FONTE_FINANCIAMENTO,ID_TIPO_FONTE_FINANCIAMENTO,NR_ANO_FONTE_FINANCIAMENTO,ID_ANO_CHAMADA_PUBLICA,DT_INI_INSCRICAO,DT_FIM_INSCRICAO) values ('646','104','2014',null,to_date('12/01/15','DD/MM/RR'),to_date('27/04/15','DD/MM/RR'));
Insert into SIN.TB_FONTE_FINANCIAMENTO (ID_FONTE_FINANCIAMENTO,ID_TIPO_FONTE_FINANCIAMENTO,NR_ANO_FONTE_FINANCIAMENTO,ID_ANO_CHAMADA_PUBLICA,DT_INI_INSCRICAO,DT_FIM_INSCRICAO) values ('647','106','2014',null,to_date('12/01/15','DD/MM/RR'),to_date('27/04/15','DD/MM/RR'));
Insert into SIN.TB_FONTE_FINANCIAMENTO (ID_FONTE_FINANCIAMENTO,ID_TIPO_FONTE_FINANCIAMENTO,NR_ANO_FONTE_FINANCIAMENTO,ID_ANO_CHAMADA_PUBLICA,DT_INI_INSCRICAO,DT_FIM_INSCRICAO) values ('648','108','2014',null,to_date('12/01/15','DD/MM/RR'),to_date('27/04/15','DD/MM/RR'));
Insert into SIN.TB_FONTE_FINANCIAMENTO (ID_FONTE_FINANCIAMENTO,ID_TIPO_FONTE_FINANCIAMENTO,NR_ANO_FONTE_FINANCIAMENTO,ID_ANO_CHAMADA_PUBLICA,DT_INI_INSCRICAO,DT_FIM_INSCRICAO) values ('654','11','2010',null,to_date('01/01/10','DD/MM/RR'),null);
Insert into SIN.TB_FONTE_FINANCIAMENTO (ID_FONTE_FINANCIAMENTO,ID_TIPO_FONTE_FINANCIAMENTO,NR_ANO_FONTE_FINANCIAMENTO,ID_ANO_CHAMADA_PUBLICA,DT_INI_INSCRICAO,DT_FIM_INSCRICAO) values ('655','12','2010',null,to_date('01/01/10','DD/MM/RR'),null);
Insert into SIN.TB_FONTE_FINANCIAMENTO (ID_FONTE_FINANCIAMENTO,ID_TIPO_FONTE_FINANCIAMENTO,NR_ANO_FONTE_FINANCIAMENTO,ID_ANO_CHAMADA_PUBLICA,DT_INI_INSCRICAO,DT_FIM_INSCRICAO) values ('656','13','2010',null,to_date('01/01/10','DD/MM/RR'),null);
Insert into SIN.TB_FONTE_FINANCIAMENTO (ID_FONTE_FINANCIAMENTO,ID_TIPO_FONTE_FINANCIAMENTO,NR_ANO_FONTE_FINANCIAMENTO,ID_ANO_CHAMADA_PUBLICA,DT_INI_INSCRICAO,DT_FIM_INSCRICAO) values ('657','14','2010',null,to_date('01/01/10','DD/MM/RR'),null);
Insert into SIN.TB_FONTE_FINANCIAMENTO (ID_FONTE_FINANCIAMENTO,ID_TIPO_FONTE_FINANCIAMENTO,NR_ANO_FONTE_FINANCIAMENTO,ID_ANO_CHAMADA_PUBLICA,DT_INI_INSCRICAO,DT_FIM_INSCRICAO) values ('658','15','2010',null,to_date('01/01/10','DD/MM/RR'),null);
Insert into SIN.TB_FONTE_FINANCIAMENTO (ID_FONTE_FINANCIAMENTO,ID_TIPO_FONTE_FINANCIAMENTO,NR_ANO_FONTE_FINANCIAMENTO,ID_ANO_CHAMADA_PUBLICA,DT_INI_INSCRICAO,DT_FIM_INSCRICAO) values ('659','16','2010',null,to_date('01/01/10','DD/MM/RR'),null);
Insert into SIN.TB_FONTE_FINANCIAMENTO (ID_FONTE_FINANCIAMENTO,ID_TIPO_FONTE_FINANCIAMENTO,NR_ANO_FONTE_FINANCIAMENTO,ID_ANO_CHAMADA_PUBLICA,DT_INI_INSCRICAO,DT_FIM_INSCRICAO) values ('660','18','2003',null,to_date('01/01/03','DD/MM/RR'),to_date('31/12/03','DD/MM/RR'));
Insert into SIN.TB_FONTE_FINANCIAMENTO (ID_FONTE_FINANCIAMENTO,ID_TIPO_FONTE_FINANCIAMENTO,NR_ANO_FONTE_FINANCIAMENTO,ID_ANO_CHAMADA_PUBLICA,DT_INI_INSCRICAO,DT_FIM_INSCRICAO) values ('661','18','2004',null,to_date('01/01/04','DD/MM/RR'),to_date('31/12/04','DD/MM/RR'));
Insert into SIN.TB_FONTE_FINANCIAMENTO (ID_FONTE_FINANCIAMENTO,ID_TIPO_FONTE_FINANCIAMENTO,NR_ANO_FONTE_FINANCIAMENTO,ID_ANO_CHAMADA_PUBLICA,DT_INI_INSCRICAO,DT_FIM_INSCRICAO) values ('662','18','2005',null,to_date('01/01/05','DD/MM/RR'),to_date('31/12/05','DD/MM/RR'));
Insert into SIN.TB_FONTE_FINANCIAMENTO (ID_FONTE_FINANCIAMENTO,ID_TIPO_FONTE_FINANCIAMENTO,NR_ANO_FONTE_FINANCIAMENTO,ID_ANO_CHAMADA_PUBLICA,DT_INI_INSCRICAO,DT_FIM_INSCRICAO) values ('663','18','2006',null,to_date('01/01/06','DD/MM/RR'),to_date('31/12/06','DD/MM/RR'));
Insert into SIN.TB_FONTE_FINANCIAMENTO (ID_FONTE_FINANCIAMENTO,ID_TIPO_FONTE_FINANCIAMENTO,NR_ANO_FONTE_FINANCIAMENTO,ID_ANO_CHAMADA_PUBLICA,DT_INI_INSCRICAO,DT_FIM_INSCRICAO) values ('664','18','2007',null,to_date('01/01/07','DD/MM/RR'),to_date('31/12/07','DD/MM/RR'));
Insert into SIN.TB_FONTE_FINANCIAMENTO (ID_FONTE_FINANCIAMENTO,ID_TIPO_FONTE_FINANCIAMENTO,NR_ANO_FONTE_FINANCIAMENTO,ID_ANO_CHAMADA_PUBLICA,DT_INI_INSCRICAO,DT_FIM_INSCRICAO) values ('665','18','2008',null,to_date('01/01/08','DD/MM/RR'),to_date('31/12/08','DD/MM/RR'));
Insert into SIN.TB_FONTE_FINANCIAMENTO (ID_FONTE_FINANCIAMENTO,ID_TIPO_FONTE_FINANCIAMENTO,NR_ANO_FONTE_FINANCIAMENTO,ID_ANO_CHAMADA_PUBLICA,DT_INI_INSCRICAO,DT_FIM_INSCRICAO) values ('666','18','2009',null,to_date('01/01/09','DD/MM/RR'),to_date('31/12/09','DD/MM/RR'));
Insert into SIN.TB_FONTE_FINANCIAMENTO (ID_FONTE_FINANCIAMENTO,ID_TIPO_FONTE_FINANCIAMENTO,NR_ANO_FONTE_FINANCIAMENTO,ID_ANO_CHAMADA_PUBLICA,DT_INI_INSCRICAO,DT_FIM_INSCRICAO) values ('667','18','2010',null,to_date('01/01/10','DD/MM/RR'),to_date('31/12/10','DD/MM/RR'));
Insert into SIN.TB_FONTE_FINANCIAMENTO (ID_FONTE_FINANCIAMENTO,ID_TIPO_FONTE_FINANCIAMENTO,NR_ANO_FONTE_FINANCIAMENTO,ID_ANO_CHAMADA_PUBLICA,DT_INI_INSCRICAO,DT_FIM_INSCRICAO) values ('668','18','2011',null,to_date('01/01/11','DD/MM/RR'),to_date('31/12/11','DD/MM/RR'));
Insert into SIN.TB_FONTE_FINANCIAMENTO (ID_FONTE_FINANCIAMENTO,ID_TIPO_FONTE_FINANCIAMENTO,NR_ANO_FONTE_FINANCIAMENTO,ID_ANO_CHAMADA_PUBLICA,DT_INI_INSCRICAO,DT_FIM_INSCRICAO) values ('669','18','2013',null,to_date('01/01/13','DD/MM/RR'),to_date('31/12/13','DD/MM/RR'));
Insert into SIN.TB_FONTE_FINANCIAMENTO (ID_FONTE_FINANCIAMENTO,ID_TIPO_FONTE_FINANCIAMENTO,NR_ANO_FONTE_FINANCIAMENTO,ID_ANO_CHAMADA_PUBLICA,DT_INI_INSCRICAO,DT_FIM_INSCRICAO) values ('670','18','2014',null,to_date('01/01/14','DD/MM/RR'),to_date('31/12/14','DD/MM/RR'));
Insert into SIN.TB_FONTE_FINANCIAMENTO (ID_FONTE_FINANCIAMENTO,ID_TIPO_FONTE_FINANCIAMENTO,NR_ANO_FONTE_FINANCIAMENTO,ID_ANO_CHAMADA_PUBLICA,DT_INI_INSCRICAO,DT_FIM_INSCRICAO) values ('671','18','2015',null,to_date('01/01/15','DD/MM/RR'),to_date('31/12/15','DD/MM/RR'));
Insert into SIN.TB_FONTE_FINANCIAMENTO (ID_FONTE_FINANCIAMENTO,ID_TIPO_FONTE_FINANCIAMENTO,NR_ANO_FONTE_FINANCIAMENTO,ID_ANO_CHAMADA_PUBLICA,DT_INI_INSCRICAO,DT_FIM_INSCRICAO) values ('684','19','2008',null,to_date('01/01/08','DD/MM/RR'),to_date('31/12/08','DD/MM/RR'));
Insert into SIN.TB_FONTE_FINANCIAMENTO (ID_FONTE_FINANCIAMENTO,ID_TIPO_FONTE_FINANCIAMENTO,NR_ANO_FONTE_FINANCIAMENTO,ID_ANO_CHAMADA_PUBLICA,DT_INI_INSCRICAO,DT_FIM_INSCRICAO) values ('685','19','2009',null,to_date('01/01/09','DD/MM/RR'),to_date('31/12/09','DD/MM/RR'));
Insert into SIN.TB_FONTE_FINANCIAMENTO (ID_FONTE_FINANCIAMENTO,ID_TIPO_FONTE_FINANCIAMENTO,NR_ANO_FONTE_FINANCIAMENTO,ID_ANO_CHAMADA_PUBLICA,DT_INI_INSCRICAO,DT_FIM_INSCRICAO) values ('688','20','2010',null,to_date('01/01/10','DD/MM/RR'),to_date('31/12/10','DD/MM/RR'));
Insert into SIN.TB_FONTE_FINANCIAMENTO (ID_FONTE_FINANCIAMENTO,ID_TIPO_FONTE_FINANCIAMENTO,NR_ANO_FONTE_FINANCIAMENTO,ID_ANO_CHAMADA_PUBLICA,DT_INI_INSCRICAO,DT_FIM_INSCRICAO) values ('689','20','2013',null,to_date('01/01/13','DD/MM/RR'),to_date('31/12/13','DD/MM/RR'));
Insert into SIN.TB_FONTE_FINANCIAMENTO (ID_FONTE_FINANCIAMENTO,ID_TIPO_FONTE_FINANCIAMENTO,NR_ANO_FONTE_FINANCIAMENTO,ID_ANO_CHAMADA_PUBLICA,DT_INI_INSCRICAO,DT_FIM_INSCRICAO) values ('690','20','2015',null,to_date('01/01/15','DD/MM/RR'),to_date('31/12/15','DD/MM/RR'));
Insert into SIN.TB_FONTE_FINANCIAMENTO (ID_FONTE_FINANCIAMENTO,ID_TIPO_FONTE_FINANCIAMENTO,NR_ANO_FONTE_FINANCIAMENTO,ID_ANO_CHAMADA_PUBLICA,DT_INI_INSCRICAO,DT_FIM_INSCRICAO) values ('691','20','2016',null,to_date('01/01/16','DD/MM/RR'),to_date('31/12/16','DD/MM/RR'));
Insert into SIN.TB_FONTE_FINANCIAMENTO (ID_FONTE_FINANCIAMENTO,ID_TIPO_FONTE_FINANCIAMENTO,NR_ANO_FONTE_FINANCIAMENTO,ID_ANO_CHAMADA_PUBLICA,DT_INI_INSCRICAO,DT_FIM_INSCRICAO) values ('696','21','2011',null,to_date('01/01/11','DD/MM/RR'),to_date('31/12/11','DD/MM/RR'));
Insert into SIN.TB_FONTE_FINANCIAMENTO (ID_FONTE_FINANCIAMENTO,ID_TIPO_FONTE_FINANCIAMENTO,NR_ANO_FONTE_FINANCIAMENTO,ID_ANO_CHAMADA_PUBLICA,DT_INI_INSCRICAO,DT_FIM_INSCRICAO) values ('697','21','2012',null,to_date('01/01/12','DD/MM/RR'),to_date('31/12/12','DD/MM/RR'));
Insert into SIN.TB_FONTE_FINANCIAMENTO (ID_FONTE_FINANCIAMENTO,ID_TIPO_FONTE_FINANCIAMENTO,NR_ANO_FONTE_FINANCIAMENTO,ID_ANO_CHAMADA_PUBLICA,DT_INI_INSCRICAO,DT_FIM_INSCRICAO) values ('698','21','2013',null,to_date('01/01/13','DD/MM/RR'),to_date('31/12/13','DD/MM/RR'));
Insert into SIN.TB_FONTE_FINANCIAMENTO (ID_FONTE_FINANCIAMENTO,ID_TIPO_FONTE_FINANCIAMENTO,NR_ANO_FONTE_FINANCIAMENTO,ID_ANO_CHAMADA_PUBLICA,DT_INI_INSCRICAO,DT_FIM_INSCRICAO) values ('699','21','2014',null,to_date('01/01/14','DD/MM/RR'),to_date('31/12/14','DD/MM/RR'));
Insert into SIN.TB_FONTE_FINANCIAMENTO (ID_FONTE_FINANCIAMENTO,ID_TIPO_FONTE_FINANCIAMENTO,NR_ANO_FONTE_FINANCIAMENTO,ID_ANO_CHAMADA_PUBLICA,DT_INI_INSCRICAO,DT_FIM_INSCRICAO) values ('700','21','2015',null,to_date('01/01/15','DD/MM/RR'),to_date('31/12/15','DD/MM/RR'));
Insert into SIN.TB_FONTE_FINANCIAMENTO (ID_FONTE_FINANCIAMENTO,ID_TIPO_FONTE_FINANCIAMENTO,NR_ANO_FONTE_FINANCIAMENTO,ID_ANO_CHAMADA_PUBLICA,DT_INI_INSCRICAO,DT_FIM_INSCRICAO) values ('706','22','2011',null,to_date('01/01/11','DD/MM/RR'),to_date('31/12/11','DD/MM/RR'));
Insert into SIN.TB_FONTE_FINANCIAMENTO (ID_FONTE_FINANCIAMENTO,ID_TIPO_FONTE_FINANCIAMENTO,NR_ANO_FONTE_FINANCIAMENTO,ID_ANO_CHAMADA_PUBLICA,DT_INI_INSCRICAO,DT_FIM_INSCRICAO) values ('707','22','2012',null,to_date('01/01/12','DD/MM/RR'),to_date('31/12/12','DD/MM/RR'));
Insert into SIN.TB_FONTE_FINANCIAMENTO (ID_FONTE_FINANCIAMENTO,ID_TIPO_FONTE_FINANCIAMENTO,NR_ANO_FONTE_FINANCIAMENTO,ID_ANO_CHAMADA_PUBLICA,DT_INI_INSCRICAO,DT_FIM_INSCRICAO) values ('708','22','2013',null,to_date('01/01/13','DD/MM/RR'),to_date('31/12/13','DD/MM/RR'));
Insert into SIN.TB_FONTE_FINANCIAMENTO (ID_FONTE_FINANCIAMENTO,ID_TIPO_FONTE_FINANCIAMENTO,NR_ANO_FONTE_FINANCIAMENTO,ID_ANO_CHAMADA_PUBLICA,DT_INI_INSCRICAO,DT_FIM_INSCRICAO) values ('709','22','2014',null,to_date('01/01/14','DD/MM/RR'),to_date('31/12/14','DD/MM/RR'));
Insert into SIN.TB_FONTE_FINANCIAMENTO (ID_FONTE_FINANCIAMENTO,ID_TIPO_FONTE_FINANCIAMENTO,NR_ANO_FONTE_FINANCIAMENTO,ID_ANO_CHAMADA_PUBLICA,DT_INI_INSCRICAO,DT_FIM_INSCRICAO) values ('710','22','2015',null,to_date('01/01/15','DD/MM/RR'),to_date('31/12/15','DD/MM/RR'));
Insert into SIN.TB_FONTE_FINANCIAMENTO (ID_FONTE_FINANCIAMENTO,ID_TIPO_FONTE_FINANCIAMENTO,NR_ANO_FONTE_FINANCIAMENTO,ID_ANO_CHAMADA_PUBLICA,DT_INI_INSCRICAO,DT_FIM_INSCRICAO) values ('716','80','2005',null,to_date('01/01/05','DD/MM/RR'),to_date('31/12/05','DD/MM/RR'));
Insert into SIN.TB_FONTE_FINANCIAMENTO (ID_FONTE_FINANCIAMENTO,ID_TIPO_FONTE_FINANCIAMENTO,NR_ANO_FONTE_FINANCIAMENTO,ID_ANO_CHAMADA_PUBLICA,DT_INI_INSCRICAO,DT_FIM_INSCRICAO) values ('717','80','2006',null,to_date('01/01/06','DD/MM/RR'),to_date('31/12/06','DD/MM/RR'));
Insert into SIN.TB_FONTE_FINANCIAMENTO (ID_FONTE_FINANCIAMENTO,ID_TIPO_FONTE_FINANCIAMENTO,NR_ANO_FONTE_FINANCIAMENTO,ID_ANO_CHAMADA_PUBLICA,DT_INI_INSCRICAO,DT_FIM_INSCRICAO) values ('718','80','2007',null,to_date('01/01/07','DD/MM/RR'),to_date('31/12/07','DD/MM/RR'));
Insert into SIN.TB_FONTE_FINANCIAMENTO (ID_FONTE_FINANCIAMENTO,ID_TIPO_FONTE_FINANCIAMENTO,NR_ANO_FONTE_FINANCIAMENTO,ID_ANO_CHAMADA_PUBLICA,DT_INI_INSCRICAO,DT_FIM_INSCRICAO) values ('719','80','2008',null,to_date('01/01/08','DD/MM/RR'),to_date('31/12/08','DD/MM/RR'));
Insert into SIN.TB_FONTE_FINANCIAMENTO (ID_FONTE_FINANCIAMENTO,ID_TIPO_FONTE_FINANCIAMENTO,NR_ANO_FONTE_FINANCIAMENTO,ID_ANO_CHAMADA_PUBLICA,DT_INI_INSCRICAO,DT_FIM_INSCRICAO) values ('720','80','2009',null,to_date('01/01/09','DD/MM/RR'),to_date('31/12/09','DD/MM/RR'));
Insert into SIN.TB_FONTE_FINANCIAMENTO (ID_FONTE_FINANCIAMENTO,ID_TIPO_FONTE_FINANCIAMENTO,NR_ANO_FONTE_FINANCIAMENTO,ID_ANO_CHAMADA_PUBLICA,DT_INI_INSCRICAO,DT_FIM_INSCRICAO) values ('721','80','2010',null,to_date('01/01/10','DD/MM/RR'),to_date('31/12/10','DD/MM/RR'));
Insert into SIN.TB_FONTE_FINANCIAMENTO (ID_FONTE_FINANCIAMENTO,ID_TIPO_FONTE_FINANCIAMENTO,NR_ANO_FONTE_FINANCIAMENTO,ID_ANO_CHAMADA_PUBLICA,DT_INI_INSCRICAO,DT_FIM_INSCRICAO) values ('722','80','2011',null,to_date('01/01/11','DD/MM/RR'),to_date('31/12/11','DD/MM/RR'));
Insert into SIN.TB_FONTE_FINANCIAMENTO (ID_FONTE_FINANCIAMENTO,ID_TIPO_FONTE_FINANCIAMENTO,NR_ANO_FONTE_FINANCIAMENTO,ID_ANO_CHAMADA_PUBLICA,DT_INI_INSCRICAO,DT_FIM_INSCRICAO) values ('723','80','2012',null,to_date('01/01/12','DD/MM/RR'),to_date('31/12/12','DD/MM/RR'));
Insert into SIN.TB_FONTE_FINANCIAMENTO (ID_FONTE_FINANCIAMENTO,ID_TIPO_FONTE_FINANCIAMENTO,NR_ANO_FONTE_FINANCIAMENTO,ID_ANO_CHAMADA_PUBLICA,DT_INI_INSCRICAO,DT_FIM_INSCRICAO) values ('724','80','2013',null,to_date('01/01/13','DD/MM/RR'),to_date('31/12/13','DD/MM/RR'));
Insert into SIN.TB_FONTE_FINANCIAMENTO (ID_FONTE_FINANCIAMENTO,ID_TIPO_FONTE_FINANCIAMENTO,NR_ANO_FONTE_FINANCIAMENTO,ID_ANO_CHAMADA_PUBLICA,DT_INI_INSCRICAO,DT_FIM_INSCRICAO) values ('725','80','2014',null,to_date('01/01/14','DD/MM/RR'),to_date('31/12/14','DD/MM/RR'));
Insert into SIN.TB_FONTE_FINANCIAMENTO (ID_FONTE_FINANCIAMENTO,ID_TIPO_FONTE_FINANCIAMENTO,NR_ANO_FONTE_FINANCIAMENTO,ID_ANO_CHAMADA_PUBLICA,DT_INI_INSCRICAO,DT_FIM_INSCRICAO) values ('726','80','2015',null,to_date('01/01/15','DD/MM/RR'),to_date('31/12/15','DD/MM/RR'));
Insert into SIN.TB_FONTE_FINANCIAMENTO (ID_FONTE_FINANCIAMENTO,ID_TIPO_FONTE_FINANCIAMENTO,NR_ANO_FONTE_FINANCIAMENTO,ID_ANO_CHAMADA_PUBLICA,DT_INI_INSCRICAO,DT_FIM_INSCRICAO) values ('738','81','2006',null,to_date('01/01/06','DD/MM/RR'),to_date('31/12/06','DD/MM/RR'));
Insert into SIN.TB_FONTE_FINANCIAMENTO (ID_FONTE_FINANCIAMENTO,ID_TIPO_FONTE_FINANCIAMENTO,NR_ANO_FONTE_FINANCIAMENTO,ID_ANO_CHAMADA_PUBLICA,DT_INI_INSCRICAO,DT_FIM_INSCRICAO) values ('739','81','2007',null,to_date('01/01/07','DD/MM/RR'),to_date('31/12/07','DD/MM/RR'));
Insert into SIN.TB_FONTE_FINANCIAMENTO (ID_FONTE_FINANCIAMENTO,ID_TIPO_FONTE_FINANCIAMENTO,NR_ANO_FONTE_FINANCIAMENTO,ID_ANO_CHAMADA_PUBLICA,DT_INI_INSCRICAO,DT_FIM_INSCRICAO) values ('740','81','2008',null,to_date('01/01/08','DD/MM/RR'),to_date('31/12/08','DD/MM/RR'));
Insert into SIN.TB_FONTE_FINANCIAMENTO (ID_FONTE_FINANCIAMENTO,ID_TIPO_FONTE_FINANCIAMENTO,NR_ANO_FONTE_FINANCIAMENTO,ID_ANO_CHAMADA_PUBLICA,DT_INI_INSCRICAO,DT_FIM_INSCRICAO) values ('741','81','2009',null,to_date('01/01/09','DD/MM/RR'),to_date('31/12/09','DD/MM/RR'));
Insert into SIN.TB_FONTE_FINANCIAMENTO (ID_FONTE_FINANCIAMENTO,ID_TIPO_FONTE_FINANCIAMENTO,NR_ANO_FONTE_FINANCIAMENTO,ID_ANO_CHAMADA_PUBLICA,DT_INI_INSCRICAO,DT_FIM_INSCRICAO) values ('742','81','2010',null,to_date('01/01/10','DD/MM/RR'),to_date('31/12/10','DD/MM/RR'));
Insert into SIN.TB_FONTE_FINANCIAMENTO (ID_FONTE_FINANCIAMENTO,ID_TIPO_FONTE_FINANCIAMENTO,NR_ANO_FONTE_FINANCIAMENTO,ID_ANO_CHAMADA_PUBLICA,DT_INI_INSCRICAO,DT_FIM_INSCRICAO) values ('743','81','2011',null,to_date('01/01/11','DD/MM/RR'),to_date('31/12/11','DD/MM/RR'));
Insert into SIN.TB_FONTE_FINANCIAMENTO (ID_FONTE_FINANCIAMENTO,ID_TIPO_FONTE_FINANCIAMENTO,NR_ANO_FONTE_FINANCIAMENTO,ID_ANO_CHAMADA_PUBLICA,DT_INI_INSCRICAO,DT_FIM_INSCRICAO) values ('744','81','2012',null,to_date('01/01/12','DD/MM/RR'),to_date('31/12/12','DD/MM/RR'));
Insert into SIN.TB_FONTE_FINANCIAMENTO (ID_FONTE_FINANCIAMENTO,ID_TIPO_FONTE_FINANCIAMENTO,NR_ANO_FONTE_FINANCIAMENTO,ID_ANO_CHAMADA_PUBLICA,DT_INI_INSCRICAO,DT_FIM_INSCRICAO) values ('745','81','2013',null,to_date('01/01/13','DD/MM/RR'),to_date('31/12/13','DD/MM/RR'));
Insert into SIN.TB_FONTE_FINANCIAMENTO (ID_FONTE_FINANCIAMENTO,ID_TIPO_FONTE_FINANCIAMENTO,NR_ANO_FONTE_FINANCIAMENTO,ID_ANO_CHAMADA_PUBLICA,DT_INI_INSCRICAO,DT_FIM_INSCRICAO) values ('754','110','2001',null,to_date('01/01/01','DD/MM/RR'),null);
Insert into SIN.TB_FONTE_FINANCIAMENTO (ID_FONTE_FINANCIAMENTO,ID_TIPO_FONTE_FINANCIAMENTO,NR_ANO_FONTE_FINANCIAMENTO,ID_ANO_CHAMADA_PUBLICA,DT_INI_INSCRICAO,DT_FIM_INSCRICAO) values ('755','111','2001',null,to_date('01/01/13','DD/MM/RR'),null);
Insert into SIN.TB_FONTE_FINANCIAMENTO (ID_FONTE_FINANCIAMENTO,ID_TIPO_FONTE_FINANCIAMENTO,NR_ANO_FONTE_FINANCIAMENTO,ID_ANO_CHAMADA_PUBLICA,DT_INI_INSCRICAO,DT_FIM_INSCRICAO) values ('1','51','2013',null,to_date('01/01/13','DD/MM/RR'),to_date('31/12/13','DD/MM/RR'));


CREATE TABLE "SIN"."TB_TIPO_FONTE_FINANCIAMENTO" ("ID_TIPO_FONTE_FINANCIAMENTO" NUMBER(8,0), "CD_NATUREZA_FONTE" VARCHAR2(6), "CD_MODALIDADE_INCENTIVO" VARCHAR2(3), "CD_TIPO_INSTRUMENTO_LEGAL" VARCHAR2(4), "NM_TIPO_FONTE" VARCHAR2(50), "DE_INFO_SOBRE_FONTE" VARCHAR2(400), "IN_COPROD_INTER" CHAR(1), "DE_APELIDO_FONTE" VARCHAR2(25), "DT_INI_VALIDADE" DATE, "DT_FIM_VALIDADE" DATE);
Insert into SIN.TB_TIPO_FONTE_FINANCIAMENTO (ID_TIPO_FONTE_FINANCIAMENTO,CD_NATUREZA_FONTE,CD_MODALIDADE_INCENTIVO,CD_TIPO_INSTRUMENTO_LEGAL,NM_TIPO_FONTE,DE_INFO_SOBRE_FONTE,IN_COPROD_INTER,DE_APELIDO_FONTE,DT_INI_VALIDADE,DT_FIM_VALIDADE) values ('11','OU','PAT','LEI','Leis Estaduais de Incentivo','Contratos de aporte de recursos oriundos de mecanismos de fomento estadual, mediante comprovação de aprovação para captação e o vínculo com o projeto.',null,'LEIEST',to_date('01/01/10','DD/MM/RR'),null);
Insert into SIN.TB_TIPO_FONTE_FINANCIAMENTO (ID_TIPO_FONTE_FINANCIAMENTO,CD_NATUREZA_FONTE,CD_MODALIDADE_INCENTIVO,CD_TIPO_INSTRUMENTO_LEGAL,NM_TIPO_FONTE,DE_INFO_SOBRE_FONTE,IN_COPROD_INTER,DE_APELIDO_FONTE,DT_INI_VALIDADE,DT_FIM_VALIDADE) values ('12','OU','PAT','LEI','Leis Municipais de Incentivo','Contratos de aporte de recursos oriundos de mecanismos de fomento municipal, mediante comprovação de aprovação para captação e o vínculo com o projeto.',null,'LEIMUN',to_date('01/01/10','DD/MM/RR'),null);
Insert into SIN.TB_TIPO_FONTE_FINANCIAMENTO (ID_TIPO_FONTE_FINANCIAMENTO,CD_NATUREZA_FONTE,CD_MODALIDADE_INCENTIVO,CD_TIPO_INSTRUMENTO_LEGAL,NM_TIPO_FONTE,DE_INFO_SOBRE_FONTE,IN_COPROD_INTER,DE_APELIDO_FONTE,DT_INI_VALIDADE,DT_FIM_VALIDADE) values ('13','OU','PRO','LEI','Recursos Próprios','Recursos Próprios',null,'RECPRO',to_date('01/01/10','DD/MM/RR'),null);
Insert into SIN.TB_TIPO_FONTE_FINANCIAMENTO (ID_TIPO_FONTE_FINANCIAMENTO,CD_NATUREZA_FONTE,CD_MODALIDADE_INCENTIVO,CD_TIPO_INSTRUMENTO_LEGAL,NM_TIPO_FONTE,DE_INFO_SOBRE_FONTE,IN_COPROD_INTER,DE_APELIDO_FONTE,DT_INI_VALIDADE,DT_FIM_VALIDADE) values ('14','OU','PRO','LEI','Contrapartida','Recursos próprios ou de terceiros despendidos no projeto a título de contrapartida, desde que não sejam recursos públicos, formalizados por meio do formulário de relação de pagamentos, de acordo com Instrução Normativa específica de prestação de contas, acompanhados de cópia de documentos comprobatórios de despesas.',null,'CONTRA',to_date('01/01/10','DD/MM/RR'),null);
Insert into SIN.TB_TIPO_FONTE_FINANCIAMENTO (ID_TIPO_FONTE_FINANCIAMENTO,CD_NATUREZA_FONTE,CD_MODALIDADE_INCENTIVO,CD_TIPO_INSTRUMENTO_LEGAL,NM_TIPO_FONTE,DE_INFO_SOBRE_FONTE,IN_COPROD_INTER,DE_APELIDO_FONTE,DT_INI_VALIDADE,DT_FIM_VALIDADE) values ('15','OU','COP',null,'Coprodução Nacional','Coprodução Nacional',null,'COPRODN',to_date('01/01/10','DD/MM/RR'),null);
Insert into SIN.TB_TIPO_FONTE_FINANCIAMENTO (ID_TIPO_FONTE_FINANCIAMENTO,CD_NATUREZA_FONTE,CD_MODALIDADE_INCENTIVO,CD_TIPO_INSTRUMENTO_LEGAL,NM_TIPO_FONTE,DE_INFO_SOBRE_FONTE,IN_COPROD_INTER,DE_APELIDO_FONTE,DT_INI_VALIDADE,DT_FIM_VALIDADE) values ('16','OU','INV',null,'Edital Público','Edital Público',null,'EDITP',to_date('01/01/10','DD/MM/RR'),null);
Insert into SIN.TB_TIPO_FONTE_FINANCIAMENTO (ID_TIPO_FONTE_FINANCIAMENTO,CD_NATUREZA_FONTE,CD_MODALIDADE_INCENTIVO,CD_TIPO_INSTRUMENTO_LEGAL,NM_TIPO_FONTE,DE_INFO_SOBRE_FONTE,IN_COPROD_INTER,DE_APELIDO_FONTE,DT_INI_VALIDADE,DT_FIM_VALIDADE) values ('18','OA','COP',null,'Brasil-Portugal','Contrato de Co-Produção Internacional Brasil-Portugal',null,'BRAPOR',to_date('01/01/10','DD/MM/RR'),null);
Insert into SIN.TB_TIPO_FONTE_FINANCIAMENTO (ID_TIPO_FONTE_FINANCIAMENTO,CD_NATUREZA_FONTE,CD_MODALIDADE_INCENTIVO,CD_TIPO_INSTRUMENTO_LEGAL,NM_TIPO_FONTE,DE_INFO_SOBRE_FONTE,IN_COPROD_INTER,DE_APELIDO_FONTE,DT_INI_VALIDADE,DT_FIM_VALIDADE) values ('19','OA','COP',null,'Brasil-Galícia','Contrato de Co-Produção Internacional Brasil-Galícia',null,'BRAGAL',to_date('01/01/10','DD/MM/RR'),null);
Insert into SIN.TB_TIPO_FONTE_FINANCIAMENTO (ID_TIPO_FONTE_FINANCIAMENTO,CD_NATUREZA_FONTE,CD_MODALIDADE_INCENTIVO,CD_TIPO_INSTRUMENTO_LEGAL,NM_TIPO_FONTE,DE_INFO_SOBRE_FONTE,IN_COPROD_INTER,DE_APELIDO_FONTE,DT_INI_VALIDADE,DT_FIM_VALIDADE) values ('20','OA','COP',null,'Brasil-Itália','Contrato de Co-Produção Internacional Brasil-Itália ',null,'BRAITA',to_date('01/01/10','DD/MM/RR'),null);
Insert into SIN.TB_TIPO_FONTE_FINANCIAMENTO (ID_TIPO_FONTE_FINANCIAMENTO,CD_NATUREZA_FONTE,CD_MODALIDADE_INCENTIVO,CD_TIPO_INSTRUMENTO_LEGAL,NM_TIPO_FONTE,DE_INFO_SOBRE_FONTE,IN_COPROD_INTER,DE_APELIDO_FONTE,DT_INI_VALIDADE,DT_FIM_VALIDADE) values ('21','OA','COP',null,'Brasil-Uruguai','Contrato de Co-Produção Internacional Brasil-Uruguai',null,'BRAURU',to_date('01/01/10','DD/MM/RR'),null);
Insert into SIN.TB_TIPO_FONTE_FINANCIAMENTO (ID_TIPO_FONTE_FINANCIAMENTO,CD_NATUREZA_FONTE,CD_MODALIDADE_INCENTIVO,CD_TIPO_INSTRUMENTO_LEGAL,NM_TIPO_FONTE,DE_INFO_SOBRE_FONTE,IN_COPROD_INTER,DE_APELIDO_FONTE,DT_INI_VALIDADE,DT_FIM_VALIDADE) values ('22','OA','COP',null,'Brasil-Argentina','Contrato de Co-Produção Internacional Brasil-Argentina',null,'BRAARG',to_date('01/01/10','DD/MM/RR'),null);
Insert into SIN.TB_TIPO_FONTE_FINANCIAMENTO (ID_TIPO_FONTE_FINANCIAMENTO,CD_NATUREZA_FONTE,CD_MODALIDADE_INCENTIVO,CD_TIPO_INSTRUMENTO_LEGAL,NM_TIPO_FONTE,DE_INFO_SOBRE_FONTE,IN_COPROD_INTER,DE_APELIDO_FONTE,DT_INI_VALIDADE,DT_FIM_VALIDADE) values ('28','FSA','INV',null,'PRODECINE 01','PRODECINE 01',null,'PRODEC1',to_date('01/01/10','DD/MM/RR'),null);
Insert into SIN.TB_TIPO_FONTE_FINANCIAMENTO (ID_TIPO_FONTE_FINANCIAMENTO,CD_NATUREZA_FONTE,CD_MODALIDADE_INCENTIVO,CD_TIPO_INSTRUMENTO_LEGAL,NM_TIPO_FONTE,DE_INFO_SOBRE_FONTE,IN_COPROD_INTER,DE_APELIDO_FONTE,DT_INI_VALIDADE,DT_FIM_VALIDADE) values ('29','FSA','INV',null,'PRODECINE 02','PRODECINE 02',null,'PRODEC2',to_date('01/01/10','DD/MM/RR'),null);
Insert into SIN.TB_TIPO_FONTE_FINANCIAMENTO (ID_TIPO_FONTE_FINANCIAMENTO,CD_NATUREZA_FONTE,CD_MODALIDADE_INCENTIVO,CD_TIPO_INSTRUMENTO_LEGAL,NM_TIPO_FONTE,DE_INFO_SOBRE_FONTE,IN_COPROD_INTER,DE_APELIDO_FONTE,DT_INI_VALIDADE,DT_FIM_VALIDADE) values ('30','FSA','INV',null,'PRODECINE 03','PRODECINE 03',null,'PRODEC3',to_date('01/01/10','DD/MM/RR'),null);
Insert into SIN.TB_TIPO_FONTE_FINANCIAMENTO (ID_TIPO_FONTE_FINANCIAMENTO,CD_NATUREZA_FONTE,CD_MODALIDADE_INCENTIVO,CD_TIPO_INSTRUMENTO_LEGAL,NM_TIPO_FONTE,DE_INFO_SOBRE_FONTE,IN_COPROD_INTER,DE_APELIDO_FONTE,DT_INI_VALIDADE,DT_FIM_VALIDADE) values ('31','FSA','INV',null,'PRODECINE 04','PRODECINE 04',null,'PRODEC4',to_date('01/01/10','DD/MM/RR'),null);
Insert into SIN.TB_TIPO_FONTE_FINANCIAMENTO (ID_TIPO_FONTE_FINANCIAMENTO,CD_NATUREZA_FONTE,CD_MODALIDADE_INCENTIVO,CD_TIPO_INSTRUMENTO_LEGAL,NM_TIPO_FONTE,DE_INFO_SOBRE_FONTE,IN_COPROD_INTER,DE_APELIDO_FONTE,DT_INI_VALIDADE,DT_FIM_VALIDADE) values ('32','FSA','INV',null,'PRODECINE 05','PRODECINE 05',null,'PRODEC5',to_date('01/01/10','DD/MM/RR'),null);
Insert into SIN.TB_TIPO_FONTE_FINANCIAMENTO (ID_TIPO_FONTE_FINANCIAMENTO,CD_NATUREZA_FONTE,CD_MODALIDADE_INCENTIVO,CD_TIPO_INSTRUMENTO_LEGAL,NM_TIPO_FONTE,DE_INFO_SOBRE_FONTE,IN_COPROD_INTER,DE_APELIDO_FONTE,DT_INI_VALIDADE,DT_FIM_VALIDADE) values ('33','FSA','COP',null,'PRODECINE 06','PRODECINE 06',null,'PRODEC6',to_date('01/01/10','DD/MM/RR'),null);
Insert into SIN.TB_TIPO_FONTE_FINANCIAMENTO (ID_TIPO_FONTE_FINANCIAMENTO,CD_NATUREZA_FONTE,CD_MODALIDADE_INCENTIVO,CD_TIPO_INSTRUMENTO_LEGAL,NM_TIPO_FONTE,DE_INFO_SOBRE_FONTE,IN_COPROD_INTER,DE_APELIDO_FONTE,DT_INI_VALIDADE,DT_FIM_VALIDADE) values ('34','FSA','COP',null,'PRODECINE 07','PRODECINE 07',null,'PRODEC7',to_date('01/01/10','DD/MM/RR'),null);
Insert into SIN.TB_TIPO_FONTE_FINANCIAMENTO (ID_TIPO_FONTE_FINANCIAMENTO,CD_NATUREZA_FONTE,CD_MODALIDADE_INCENTIVO,CD_TIPO_INSTRUMENTO_LEGAL,NM_TIPO_FONTE,DE_INFO_SOBRE_FONTE,IN_COPROD_INTER,DE_APELIDO_FONTE,DT_INI_VALIDADE,DT_FIM_VALIDADE) values ('35','FSA','COP',null,'PRODECINE 08','PRODECINE 08',null,'PRODEC8',to_date('01/01/10','DD/MM/RR'),null);
Insert into SIN.TB_TIPO_FONTE_FINANCIAMENTO (ID_TIPO_FONTE_FINANCIAMENTO,CD_NATUREZA_FONTE,CD_MODALIDADE_INCENTIVO,CD_TIPO_INSTRUMENTO_LEGAL,NM_TIPO_FONTE,DE_INFO_SOBRE_FONTE,IN_COPROD_INTER,DE_APELIDO_FONTE,DT_INI_VALIDADE,DT_FIM_VALIDADE) values ('36','FSA','COP',null,'PRODECINE 09','PRODECINE 09',null,'PRODEC9',to_date('01/01/10','DD/MM/RR'),null);
Insert into SIN.TB_TIPO_FONTE_FINANCIAMENTO (ID_TIPO_FONTE_FINANCIAMENTO,CD_NATUREZA_FONTE,CD_MODALIDADE_INCENTIVO,CD_TIPO_INSTRUMENTO_LEGAL,NM_TIPO_FONTE,DE_INFO_SOBRE_FONTE,IN_COPROD_INTER,DE_APELIDO_FONTE,DT_INI_VALIDADE,DT_FIM_VALIDADE) values ('37','FSA','COP',null,'PRODECINE 10','PRODECINE 10',null,'PRODEC10',to_date('01/01/10','DD/MM/RR'),null);
Insert into SIN.TB_TIPO_FONTE_FINANCIAMENTO (ID_TIPO_FONTE_FINANCIAMENTO,CD_NATUREZA_FONTE,CD_MODALIDADE_INCENTIVO,CD_TIPO_INSTRUMENTO_LEGAL,NM_TIPO_FONTE,DE_INFO_SOBRE_FONTE,IN_COPROD_INTER,DE_APELIDO_FONTE,DT_INI_VALIDADE,DT_FIM_VALIDADE) values ('86','FSA','INV',null,'SUPLEMENTAÇÃO REGIONAL - CINEMA','SUPLEMENTAÇÃO REGIONAL - CINEMA',null,'SUPREG1',to_date('01/01/10','DD/MM/RR'),null);
Insert into SIN.TB_TIPO_FONTE_FINANCIAMENTO (ID_TIPO_FONTE_FINANCIAMENTO,CD_NATUREZA_FONTE,CD_MODALIDADE_INCENTIVO,CD_TIPO_INSTRUMENTO_LEGAL,NM_TIPO_FONTE,DE_INFO_SOBRE_FONTE,IN_COPROD_INTER,DE_APELIDO_FONTE,DT_INI_VALIDADE,DT_FIM_VALIDADE) values ('87','FSA','INV',null,'SUPLEMENTAÇÃO REGIONAL - CINEMA (CURTA E MÉDIA)','SUPLEMENTAÇÃO REGIONAL - CINEMA (CURTA E MÉDIA)',null,'SUPREG2',to_date('01/01/10','DD/MM/RR'),null);
Insert into SIN.TB_TIPO_FONTE_FINANCIAMENTO (ID_TIPO_FONTE_FINANCIAMENTO,CD_NATUREZA_FONTE,CD_MODALIDADE_INCENTIVO,CD_TIPO_INSTRUMENTO_LEGAL,NM_TIPO_FONTE,DE_INFO_SOBRE_FONTE,IN_COPROD_INTER,DE_APELIDO_FONTE,DT_INI_VALIDADE,DT_FIM_VALIDADE) values ('88','FSA','INV',null,'SUPLEMENTAÇÃO REGIONAL - CINEMA (LONGA)','SUPLEMENTAÇÃO REGIONAL - CINEMA (LONGA)',null,'SUPREG3',to_date('01/01/10','DD/MM/RR'),null);
Insert into SIN.TB_TIPO_FONTE_FINANCIAMENTO (ID_TIPO_FONTE_FINANCIAMENTO,CD_NATUREZA_FONTE,CD_MODALIDADE_INCENTIVO,CD_TIPO_INSTRUMENTO_LEGAL,NM_TIPO_FONTE,DE_INFO_SOBRE_FONTE,IN_COPROD_INTER,DE_APELIDO_FONTE,DT_INI_VALIDADE,DT_FIM_VALIDADE) values ('89','FSA','INV',null,'SUPLEMENTAÇÃO REGIONAL - TV','SUPLEMENTAÇÃO REGIONAL - TV',null,'SUPREG4',to_date('01/01/10','DD/MM/RR'),null);
Insert into SIN.TB_TIPO_FONTE_FINANCIAMENTO (ID_TIPO_FONTE_FINANCIAMENTO,CD_NATUREZA_FONTE,CD_MODALIDADE_INCENTIVO,CD_TIPO_INSTRUMENTO_LEGAL,NM_TIPO_FONTE,DE_INFO_SOBRE_FONTE,IN_COPROD_INTER,DE_APELIDO_FONTE,DT_INI_VALIDADE,DT_FIM_VALIDADE) values ('90','FSA','INV',null,'SUPLEMENTAÇÃO REGIONAL - COMERCIALIZAÇÃO','SUPLEMENTAÇÃO REGIONAL - COMERCIALIZAÇÃO',null,'SUPREG5',to_date('01/01/10','DD/MM/RR'),null);
Insert into SIN.TB_TIPO_FONTE_FINANCIAMENTO (ID_TIPO_FONTE_FINANCIAMENTO,CD_NATUREZA_FONTE,CD_MODALIDADE_INCENTIVO,CD_TIPO_INSTRUMENTO_LEGAL,NM_TIPO_FONTE,DE_INFO_SOBRE_FONTE,IN_COPROD_INTER,DE_APELIDO_FONTE,DT_INI_VALIDADE,DT_FIM_VALIDADE) values ('50','FSA','INV',null,'PRODAV 01','PRODAV 01',null,'PRODAV1',to_date('01/01/10','DD/MM/RR'),null);
Insert into SIN.TB_TIPO_FONTE_FINANCIAMENTO (ID_TIPO_FONTE_FINANCIAMENTO,CD_NATUREZA_FONTE,CD_MODALIDADE_INCENTIVO,CD_TIPO_INSTRUMENTO_LEGAL,NM_TIPO_FONTE,DE_INFO_SOBRE_FONTE,IN_COPROD_INTER,DE_APELIDO_FONTE,DT_INI_VALIDADE,DT_FIM_VALIDADE) values ('51','FSA','INV',null,'PRODAV 02','PRODAV 02',null,'PRODAV2',to_date('01/01/10','DD/MM/RR'),null);
Insert into SIN.TB_TIPO_FONTE_FINANCIAMENTO (ID_TIPO_FONTE_FINANCIAMENTO,CD_NATUREZA_FONTE,CD_MODALIDADE_INCENTIVO,CD_TIPO_INSTRUMENTO_LEGAL,NM_TIPO_FONTE,DE_INFO_SOBRE_FONTE,IN_COPROD_INTER,DE_APELIDO_FONTE,DT_INI_VALIDADE,DT_FIM_VALIDADE) values ('52','FSA','APO',null,'PRODAV 03','PRODAV 03',null,'PRODAV3',to_date('01/01/10','DD/MM/RR'),null);
Insert into SIN.TB_TIPO_FONTE_FINANCIAMENTO (ID_TIPO_FONTE_FINANCIAMENTO,CD_NATUREZA_FONTE,CD_MODALIDADE_INCENTIVO,CD_TIPO_INSTRUMENTO_LEGAL,NM_TIPO_FONTE,DE_INFO_SOBRE_FONTE,IN_COPROD_INTER,DE_APELIDO_FONTE,DT_INI_VALIDADE,DT_FIM_VALIDADE) values ('53','FSA','INV',null,'PRODAV 03','PRODAV 03',null,'PRODAV3',to_date('01/01/10','DD/MM/RR'),null);
Insert into SIN.TB_TIPO_FONTE_FINANCIAMENTO (ID_TIPO_FONTE_FINANCIAMENTO,CD_NATUREZA_FONTE,CD_MODALIDADE_INCENTIVO,CD_TIPO_INSTRUMENTO_LEGAL,NM_TIPO_FONTE,DE_INFO_SOBRE_FONTE,IN_COPROD_INTER,DE_APELIDO_FONTE,DT_INI_VALIDADE,DT_FIM_VALIDADE) values ('54','FSA','APO',null,'PRODAV 04','PRODAV 04',null,'PRODAV4',to_date('01/01/10','DD/MM/RR'),null);
Insert into SIN.TB_TIPO_FONTE_FINANCIAMENTO (ID_TIPO_FONTE_FINANCIAMENTO,CD_NATUREZA_FONTE,CD_MODALIDADE_INCENTIVO,CD_TIPO_INSTRUMENTO_LEGAL,NM_TIPO_FONTE,DE_INFO_SOBRE_FONTE,IN_COPROD_INTER,DE_APELIDO_FONTE,DT_INI_VALIDADE,DT_FIM_VALIDADE) values ('55','FSA','INV',null,'PRODAV 05','PRODAV 05',null,'PRODAV5',to_date('01/01/10','DD/MM/RR'),null);
Insert into SIN.TB_TIPO_FONTE_FINANCIAMENTO (ID_TIPO_FONTE_FINANCIAMENTO,CD_NATUREZA_FONTE,CD_MODALIDADE_INCENTIVO,CD_TIPO_INSTRUMENTO_LEGAL,NM_TIPO_FONTE,DE_INFO_SOBRE_FONTE,IN_COPROD_INTER,DE_APELIDO_FONTE,DT_INI_VALIDADE,DT_FIM_VALIDADE) values ('56','FSA','APO',null,'PRODAV 05','PRODAV 05',null,'PRODAV5',to_date('01/01/10','DD/MM/RR'),null);
Insert into SIN.TB_TIPO_FONTE_FINANCIAMENTO (ID_TIPO_FONTE_FINANCIAMENTO,CD_NATUREZA_FONTE,CD_MODALIDADE_INCENTIVO,CD_TIPO_INSTRUMENTO_LEGAL,NM_TIPO_FONTE,DE_INFO_SOBRE_FONTE,IN_COPROD_INTER,DE_APELIDO_FONTE,DT_INI_VALIDADE,DT_FIM_VALIDADE) values ('57','FSA','INV',null,'PRODAV 06','PRODAV 06',null,'PRODAV6',to_date('01/01/10','DD/MM/RR'),null);
Insert into SIN.TB_TIPO_FONTE_FINANCIAMENTO (ID_TIPO_FONTE_FINANCIAMENTO,CD_NATUREZA_FONTE,CD_MODALIDADE_INCENTIVO,CD_TIPO_INSTRUMENTO_LEGAL,NM_TIPO_FONTE,DE_INFO_SOBRE_FONTE,IN_COPROD_INTER,DE_APELIDO_FONTE,DT_INI_VALIDADE,DT_FIM_VALIDADE) values ('58','FSA','INV',null,'PRODAV 07','PRODAV 07',null,'PRODAV7',to_date('01/01/10','DD/MM/RR'),null);
Insert into SIN.TB_TIPO_FONTE_FINANCIAMENTO (ID_TIPO_FONTE_FINANCIAMENTO,CD_NATUREZA_FONTE,CD_MODALIDADE_INCENTIVO,CD_TIPO_INSTRUMENTO_LEGAL,NM_TIPO_FONTE,DE_INFO_SOBRE_FONTE,IN_COPROD_INTER,DE_APELIDO_FONTE,DT_INI_VALIDADE,DT_FIM_VALIDADE) values ('59','FSA','INV',null,'PRODAV 08','PRODAV 08',null,'PRODAV8',to_date('01/01/10','DD/MM/RR'),null);
Insert into SIN.TB_TIPO_FONTE_FINANCIAMENTO (ID_TIPO_FONTE_FINANCIAMENTO,CD_NATUREZA_FONTE,CD_MODALIDADE_INCENTIVO,CD_TIPO_INSTRUMENTO_LEGAL,NM_TIPO_FONTE,DE_INFO_SOBRE_FONTE,IN_COPROD_INTER,DE_APELIDO_FONTE,DT_INI_VALIDADE,DT_FIM_VALIDADE) values ('60','FSA','INV',null,'PRODAV 09','PRODAV 09',null,'PRODAV9',to_date('01/01/10','DD/MM/RR'),null);
Insert into SIN.TB_TIPO_FONTE_FINANCIAMENTO (ID_TIPO_FONTE_FINANCIAMENTO,CD_NATUREZA_FONTE,CD_MODALIDADE_INCENTIVO,CD_TIPO_INSTRUMENTO_LEGAL,NM_TIPO_FONTE,DE_INFO_SOBRE_FONTE,IN_COPROD_INTER,DE_APELIDO_FONTE,DT_INI_VALIDADE,DT_FIM_VALIDADE) values ('61','FSA','INV',null,'PRODAV 10','PRODAV 10',null,'PRODAV10',to_date('01/01/10','DD/MM/RR'),null);
Insert into SIN.TB_TIPO_FONTE_FINANCIAMENTO (ID_TIPO_FONTE_FINANCIAMENTO,CD_NATUREZA_FONTE,CD_MODALIDADE_INCENTIVO,CD_TIPO_INSTRUMENTO_LEGAL,NM_TIPO_FONTE,DE_INFO_SOBRE_FONTE,IN_COPROD_INTER,DE_APELIDO_FONTE,DT_INI_VALIDADE,DT_FIM_VALIDADE) values ('62','FSA','INV',null,'PRODAV 11','PRODAV 11',null,'PRODAV11',to_date('01/01/10','DD/MM/RR'),null);
Insert into SIN.TB_TIPO_FONTE_FINANCIAMENTO (ID_TIPO_FONTE_FINANCIAMENTO,CD_NATUREZA_FONTE,CD_MODALIDADE_INCENTIVO,CD_TIPO_INSTRUMENTO_LEGAL,NM_TIPO_FONTE,DE_INFO_SOBRE_FONTE,IN_COPROD_INTER,DE_APELIDO_FONTE,DT_INI_VALIDADE,DT_FIM_VALIDADE) values ('63','FSA','INV',null,'PRODAV 12','PRODAV 12',null,'PRODAV12',to_date('01/01/10','DD/MM/RR'),null);
Insert into SIN.TB_TIPO_FONTE_FINANCIAMENTO (ID_TIPO_FONTE_FINANCIAMENTO,CD_NATUREZA_FONTE,CD_MODALIDADE_INCENTIVO,CD_TIPO_INSTRUMENTO_LEGAL,NM_TIPO_FONTE,DE_INFO_SOBRE_FONTE,IN_COPROD_INTER,DE_APELIDO_FONTE,DT_INI_VALIDADE,DT_FIM_VALIDADE) values ('64','FSA','INV',null,'PRODAV 13','PRODAV 13',null,'PRODAV13',to_date('01/01/10','DD/MM/RR'),null);
Insert into SIN.TB_TIPO_FONTE_FINANCIAMENTO (ID_TIPO_FONTE_FINANCIAMENTO,CD_NATUREZA_FONTE,CD_MODALIDADE_INCENTIVO,CD_TIPO_INSTRUMENTO_LEGAL,NM_TIPO_FONTE,DE_INFO_SOBRE_FONTE,IN_COPROD_INTER,DE_APELIDO_FONTE,DT_INI_VALIDADE,DT_FIM_VALIDADE) values ('80','OU','APO',null,'PAR','PAR',null,'PAR',to_date('01/01/10','DD/MM/RR'),null);
Insert into SIN.TB_TIPO_FONTE_FINANCIAMENTO (ID_TIPO_FONTE_FINANCIAMENTO,CD_NATUREZA_FONTE,CD_MODALIDADE_INCENTIVO,CD_TIPO_INSTRUMENTO_LEGAL,NM_TIPO_FONTE,DE_INFO_SOBRE_FONTE,IN_COPROD_INTER,DE_APELIDO_FONTE,DT_INI_VALIDADE,DT_FIM_VALIDADE) values ('81','OU','APO',null,'PAQ','PAQ',null,'PAQ',to_date('01/01/10','DD/MM/RR'),null);
Insert into SIN.TB_TIPO_FONTE_FINANCIAMENTO (ID_TIPO_FONTE_FINANCIAMENTO,CD_NATUREZA_FONTE,CD_MODALIDADE_INCENTIVO,CD_TIPO_INSTRUMENTO_LEGAL,NM_TIPO_FONTE,DE_INFO_SOBRE_FONTE,IN_COPROD_INTER,DE_APELIDO_FONTE,DT_INI_VALIDADE,DT_FIM_VALIDADE) values ('96','FSA','INV',null,'SAV - LONGA BO','SAV - LONGA BO',null,'SAVLONBO',to_date('01/01/10','DD/MM/RR'),null);
Insert into SIN.TB_TIPO_FONTE_FINANCIAMENTO (ID_TIPO_FONTE_FINANCIAMENTO,CD_NATUREZA_FONTE,CD_MODALIDADE_INCENTIVO,CD_TIPO_INSTRUMENTO_LEGAL,NM_TIPO_FONTE,DE_INFO_SOBRE_FONTE,IN_COPROD_INTER,DE_APELIDO_FONTE,DT_INI_VALIDADE,DT_FIM_VALIDADE) values ('98','FSA','INV',null,'SAV - LONGA DOC','SAV - LONGA DOC',null,'SAVLONDOC',to_date('01/01/10','DD/MM/RR'),null);
Insert into SIN.TB_TIPO_FONTE_FINANCIAMENTO (ID_TIPO_FONTE_FINANCIAMENTO,CD_NATUREZA_FONTE,CD_MODALIDADE_INCENTIVO,CD_TIPO_INSTRUMENTO_LEGAL,NM_TIPO_FONTE,DE_INFO_SOBRE_FONTE,IN_COPROD_INTER,DE_APELIDO_FONTE,DT_INI_VALIDADE,DT_FIM_VALIDADE) values ('100','FSA','INV',null,'TVPÚBLICA - CENTRO-OESTE','TVPÚBLICA - CENTRO-OESTE',null,'TVPUBCO',to_date('01/01/10','DD/MM/RR'),null);
Insert into SIN.TB_TIPO_FONTE_FINANCIAMENTO (ID_TIPO_FONTE_FINANCIAMENTO,CD_NATUREZA_FONTE,CD_MODALIDADE_INCENTIVO,CD_TIPO_INSTRUMENTO_LEGAL,NM_TIPO_FONTE,DE_INFO_SOBRE_FONTE,IN_COPROD_INTER,DE_APELIDO_FONTE,DT_INI_VALIDADE,DT_FIM_VALIDADE) values ('102','FSA','INV',null,'TVPÚBLICA - NORDESTE','TVPÚBLICA - NORDESTE',null,'TVPUBNE',to_date('01/01/10','DD/MM/RR'),null);
Insert into SIN.TB_TIPO_FONTE_FINANCIAMENTO (ID_TIPO_FONTE_FINANCIAMENTO,CD_NATUREZA_FONTE,CD_MODALIDADE_INCENTIVO,CD_TIPO_INSTRUMENTO_LEGAL,NM_TIPO_FONTE,DE_INFO_SOBRE_FONTE,IN_COPROD_INTER,DE_APELIDO_FONTE,DT_INI_VALIDADE,DT_FIM_VALIDADE) values ('104','FSA','INV',null,'TVPÚBLICA - NORTE','TVPÚBLICA - NORTE',null,'TVPUBN',to_date('01/01/10','DD/MM/RR'),null);
Insert into SIN.TB_TIPO_FONTE_FINANCIAMENTO (ID_TIPO_FONTE_FINANCIAMENTO,CD_NATUREZA_FONTE,CD_MODALIDADE_INCENTIVO,CD_TIPO_INSTRUMENTO_LEGAL,NM_TIPO_FONTE,DE_INFO_SOBRE_FONTE,IN_COPROD_INTER,DE_APELIDO_FONTE,DT_INI_VALIDADE,DT_FIM_VALIDADE) values ('106','FSA','INV',null,'TVPÚBLICA - SUDESTE  B','TVPÚBLICA - SUDESTE B',null,'TVPUBSE',to_date('01/01/10','DD/MM/RR'),null);
Insert into SIN.TB_TIPO_FONTE_FINANCIAMENTO (ID_TIPO_FONTE_FINANCIAMENTO,CD_NATUREZA_FONTE,CD_MODALIDADE_INCENTIVO,CD_TIPO_INSTRUMENTO_LEGAL,NM_TIPO_FONTE,DE_INFO_SOBRE_FONTE,IN_COPROD_INTER,DE_APELIDO_FONTE,DT_INI_VALIDADE,DT_FIM_VALIDADE) values ('108','FSA','INV',null,'TVPÚBLICA - SUL','TVPÚBLICA - SUL',null,'TVPUBS',to_date('01/01/10','DD/MM/RR'),null);
Insert into SIN.TB_TIPO_FONTE_FINANCIAMENTO (ID_TIPO_FONTE_FINANCIAMENTO,CD_NATUREZA_FONTE,CD_MODALIDADE_INCENTIVO,CD_TIPO_INSTRUMENTO_LEGAL,NM_TIPO_FONTE,DE_INFO_SOBRE_FONTE,IN_COPROD_INTER,DE_APELIDO_FONTE,DT_INI_VALIDADE,DT_FIM_VALIDADE) values ('6','RF','PAT','LEI','ART. 1º A - Lei 8.685/93','Recibos de captação ou contratos de patrocínio pelo art. 1º-A da Lei nº 8.685/93.',null,'ART1A',to_date('01/01/10','DD/MM/RR'),null);
Insert into SIN.TB_TIPO_FONTE_FINANCIAMENTO (ID_TIPO_FONTE_FINANCIAMENTO,CD_NATUREZA_FONTE,CD_MODALIDADE_INCENTIVO,CD_TIPO_INSTRUMENTO_LEGAL,NM_TIPO_FONTE,DE_INFO_SOBRE_FONTE,IN_COPROD_INTER,DE_APELIDO_FONTE,DT_INI_VALIDADE,DT_FIM_VALIDADE) values ('110','RF','INV','MP','Lei 10.179/01 (Conversão da Dívida)','Lei 10.179/01 (Conversão da Dívida)',null,'L10179',to_date('01/01/10','DD/MM/RR'),null);
Insert into SIN.TB_TIPO_FONTE_FINANCIAMENTO (ID_TIPO_FONTE_FINANCIAMENTO,CD_NATUREZA_FONTE,CD_MODALIDADE_INCENTIVO,CD_TIPO_INSTRUMENTO_LEGAL,NM_TIPO_FONTE,DE_INFO_SOBRE_FONTE,IN_COPROD_INTER,DE_APELIDO_FONTE,DT_INI_VALIDADE,DT_FIM_VALIDADE) values ('111','OU','PRO',null,'Outras Fontes','Outras Fontes',null,'OUTFON',to_date('01/01/10','DD/MM/RR'),null);
Insert into SIN.TB_TIPO_FONTE_FINANCIAMENTO (ID_TIPO_FONTE_FINANCIAMENTO,CD_NATUREZA_FONTE,CD_MODALIDADE_INCENTIVO,CD_TIPO_INSTRUMENTO_LEGAL,NM_TIPO_FONTE,DE_INFO_SOBRE_FONTE,IN_COPROD_INTER,DE_APELIDO_FONTE,DT_INI_VALIDADE,DT_FIM_VALIDADE) values ('1','RF','INV','LEI','ART. 3º - Lei 8.685/93','Contratos decorrentes da utilização dos mecanismos dispostos no art. 3º da Lei 8.685/93, observadas, no que couber, as normas específicas expedidas pela ANCINE.',null,'ART3',to_date('01/01/10','DD/MM/RR'),null);
Insert into SIN.TB_TIPO_FONTE_FINANCIAMENTO (ID_TIPO_FONTE_FINANCIAMENTO,CD_NATUREZA_FONTE,CD_MODALIDADE_INCENTIVO,CD_TIPO_INSTRUMENTO_LEGAL,NM_TIPO_FONTE,DE_INFO_SOBRE_FONTE,IN_COPROD_INTER,DE_APELIDO_FONTE,DT_INI_VALIDADE,DT_FIM_VALIDADE) values ('2','RF','INV','LEI','ART. 3º A - Lei 8.685/93','Contratos decorrentes da utilização dos mecanismos dispostos nos art. 3º-A da Lei 8.685/93, observadas, no que couber, as normas específicas expedidas pela ANCINE.',null,'ART3A',to_date('01/01/10','DD/MM/RR'),null);
Insert into SIN.TB_TIPO_FONTE_FINANCIAMENTO (ID_TIPO_FONTE_FINANCIAMENTO,CD_NATUREZA_FONTE,CD_MODALIDADE_INCENTIVO,CD_TIPO_INSTRUMENTO_LEGAL,NM_TIPO_FONTE,DE_INFO_SOBRE_FONTE,IN_COPROD_INTER,DE_APELIDO_FONTE,DT_INI_VALIDADE,DT_FIM_VALIDADE) values ('5','RF','INV','LEI','ART. 1º - Lei 8.685/93','Recibos de subscrição de certificados de investimento audiovisual ou contrato de investimentos para captações pelo art. 1º da Lei nº. 8.685/93 ',null,'ART1',to_date('01/01/10','DD/MM/RR'),to_date('31/12/17','DD/MM/RR'));
Insert into SIN.TB_TIPO_FONTE_FINANCIAMENTO (ID_TIPO_FONTE_FINANCIAMENTO,CD_NATUREZA_FONTE,CD_MODALIDADE_INCENTIVO,CD_TIPO_INSTRUMENTO_LEGAL,NM_TIPO_FONTE,DE_INFO_SOBRE_FONTE,IN_COPROD_INTER,DE_APELIDO_FONTE,DT_INI_VALIDADE,DT_FIM_VALIDADE) values ('7','RF','COP','MP','ART. 39 - MP 2.228-1/01','Contratos decorrentes da utilização dos mecanismos dispostos no inciso X do art. 39 da MP 2.228-1/01, observadas, no que couber, as normas específicas expedidas pela ANCINE.',null,'ART39',to_date('01/01/10','DD/MM/RR'),null);
Insert into SIN.TB_TIPO_FONTE_FINANCIAMENTO (ID_TIPO_FONTE_FINANCIAMENTO,CD_NATUREZA_FONTE,CD_MODALIDADE_INCENTIVO,CD_TIPO_INSTRUMENTO_LEGAL,NM_TIPO_FONTE,DE_INFO_SOBRE_FONTE,IN_COPROD_INTER,DE_APELIDO_FONTE,DT_INI_VALIDADE,DT_FIM_VALIDADE) values ('8','RF','PAT','LEI','ART. 18 - Lei 8.313/91','Recibos de captação pela Lei nº. 8.313/91.',null,'ART18',to_date('01/01/10','DD/MM/RR'),null);
Insert into SIN.TB_TIPO_FONTE_FINANCIAMENTO (ID_TIPO_FONTE_FINANCIAMENTO,CD_NATUREZA_FONTE,CD_MODALIDADE_INCENTIVO,CD_TIPO_INSTRUMENTO_LEGAL,NM_TIPO_FONTE,DE_INFO_SOBRE_FONTE,IN_COPROD_INTER,DE_APELIDO_FONTE,DT_INI_VALIDADE,DT_FIM_VALIDADE) values ('9','RF','PAT','LEI','ART. 25 - Lei 8.313/91','Recibos de captação pela Lei nº. 8.313/91.',null,'ART25',to_date('01/01/10','DD/MM/RR'),null);
Insert into SIN.TB_TIPO_FONTE_FINANCIAMENTO (ID_TIPO_FONTE_FINANCIAMENTO,CD_NATUREZA_FONTE,CD_MODALIDADE_INCENTIVO,CD_TIPO_INSTRUMENTO_LEGAL,NM_TIPO_FONTE,DE_INFO_SOBRE_FONTE,IN_COPROD_INTER,DE_APELIDO_FONTE,DT_INI_VALIDADE,DT_FIM_VALIDADE) values ('10','RF','INV','MP','ART. 41 - MP 2.228-1/01 (Funcines)','Memorandos de investimento firmados com Fundos de Financiamento da Indústria Cinematográfica – FUNCINES, nos termos do artigo 41 da Medida Provisória nº. 2.228-1/01',null,'ART41',to_date('01/01/10','DD/MM/RR'),null);

CREATE TABLE "SIN"."TA_NATUREZA_FONTE" ("CD_NATUREZA_FONTE" VARCHAR2(6), "DE_NATUREZA_FONTE" VARCHAR2(50));
Insert into SIN.TA_NATUREZA_FONTE (CD_NATUREZA_FONTE,DE_NATUREZA_FONTE) values ('RF','Renúncia Fiscal');
Insert into SIN.TA_NATUREZA_FONTE (CD_NATUREZA_FONTE,DE_NATUREZA_FONTE) values ('OU','Outras Fontes');
Insert into SIN.TA_NATUREZA_FONTE (CD_NATUREZA_FONTE,DE_NATUREZA_FONTE) values ('FSA','Fundo Setorial Audiovisual');
Insert into SIN.TA_NATUREZA_FONTE (CD_NATUREZA_FONTE,DE_NATUREZA_FONTE) values ('OA','Orçamento Ancine');
Insert into SIN.TA_NATUREZA_FONTE (CD_NATUREZA_FONTE,DE_NATUREZA_FONTE) values ('RP','Recursos Próprios');


CREATE TABLE "SIN"."TA_TIPO_INSTRUMENTO_LEGAL" ("CD_TIPO_INSTRUMENTO_LEGAL" VARCHAR2(4), "DE_TIPO_INSTRUMENTO_LEGAL" VARCHAR2(50));
Insert into SIN.TA_TIPO_INSTRUMENTO_LEGAL (CD_TIPO_INSTRUMENTO_LEGAL,DE_TIPO_INSTRUMENTO_LEGAL) values ('LEI','lei');
Insert into SIN.TA_TIPO_INSTRUMENTO_LEGAL (CD_TIPO_INSTRUMENTO_LEGAL,DE_TIPO_INSTRUMENTO_LEGAL) values ('MP','Medida Provisória');
Insert into SIN.TA_TIPO_INSTRUMENTO_LEGAL (CD_TIPO_INSTRUMENTO_LEGAL,DE_TIPO_INSTRUMENTO_LEGAL) values ('IN','Instrução Normativa');

